transaction_id,date,period,account,amount,counterparty,description,segment
R07a000,2026-07-22,2026-07,Revenue,124669.63,Acme,subscription,Enterprise
R07a001,2026-07-27,2026-07,Revenue,124162.59,Globex,subscription,Enterprise
R07a002,2026-07-25,2026-07,Revenue,127230.83,Stark,subscription,Enterprise
R07a003,2026-07-14,2026-07,Revenue,124479.19,Initech,subscription,Enterprise
R07a004,2026-07-04,2026-07,Revenue,126216.76,Umbrella,subscription,SMB
R07a005,2026-07-07,2026-07,Revenue,126123.99,Hooli,subscription,SMB
R07a006,2026-07-02,2026-07,Revenue,127465.56,Vandelay,subscription,SMB
R07a007,2026-07-16,2026-07,Revenue,123255.75,Wonka,subscription,SMB
O07a000,2026-07-15,2026-07,Payroll,260000,Payroll (internal),,
O07a001,2026-07-15,2026-07,Marketing,90000,Fieldmark,,
O07a002,2026-07-15,2026-07,Cloud Expense,82000,AWS,,
O07a003,2026-07-15,2026-07,Rent,40000,Granby Properties,,
R08b000,2026-08-06,2026-08,Revenue,126532.51,Acme,subscription,Enterprise
R08b001,2026-08-21,2026-08,Revenue,125557.87,Globex,subscription,Enterprise
R08b002,2026-08-23,2026-08,Revenue,127401.53,Stark,subscription,Enterprise
R08b003,2026-08-06,2026-08,Revenue,127187.34,Initech,subscription,Enterprise
R08b004,2026-08-06,2026-08,Revenue,125243.3,Umbrella,subscription,SMB
R08b005,2026-08-27,2026-08,Revenue,122606.98,Hooli,subscription,SMB
R08b006,2026-08-22,2026-08,Revenue,127354.45,Vandelay,subscription,SMB
R08b007,2026-08-25,2026-08,Revenue,123013.86,Wonka,subscription,SMB
O08b000,2026-08-15,2026-08,Payroll,260000,Payroll (internal),,
O08b001,2026-08-15,2026-08,Marketing,90000,Fieldmark,,
O08b002,2026-08-15,2026-08,Cloud Expense,82000,AWS,,
O08b003,2026-08-15,2026-08,Rent,40000,Granby Properties,,
TJ0000,2026-07-05,2026-07,Travel,116.4,Travel Vendor 12,,
TJ0001,2026-07-27,2026-07,Travel,173.61,Travel Vendor 01,,
TJ0002,2026-07-09,2026-07,Travel,87.66,Travel Vendor 32,,
TJ0003,2026-07-08,2026-07,Travel,159.28,Travel Vendor 20,,
TJ0004,2026-07-09,2026-07,Travel,130.77,Travel Vendor 08,,
TJ0005,2026-07-02,2026-07,Travel,178.3,Travel Vendor 22,,
TJ0006,2026-07-15,2026-07,Travel,146.12,Travel Vendor 33,,
TJ0007,2026-07-14,2026-07,Travel,167.53,Travel Vendor 32,,
TJ0008,2026-07-05,2026-07,Travel,129.14,Travel Vendor 33,,
TJ0009,2026-07-17,2026-07,Travel,62.43,Travel Vendor 28,,
TJ0010,2026-07-25,2026-07,Travel,83.8,Travel Vendor 00,,
TJ0011,2026-07-25,2026-07,Travel,163.89,Travel Vendor 11,,
TJ0012,2026-07-05,2026-07,Travel,121.55,Travel Vendor 07,,
TJ0013,2026-07-18,2026-07,Travel,68.03,Travel Vendor 33,,
TJ0014,2026-07-17,2026-07,Travel,132.21,Travel Vendor 06,,
TJ0015,2026-07-18,2026-07,Travel,67.39,Travel Vendor 12,,
TJ0016,2026-07-09,2026-07,Travel,65.49,Travel Vendor 06,,
TJ0017,2026-07-17,2026-07,Travel,118.78,Travel Vendor 01,,
TJ0018,2026-07-25,2026-07,Travel,176.22,Travel Vendor 04,,
TJ0019,2026-07-15,2026-07,Travel,102.33,Travel Vendor 32,,
TJ0020,2026-07-20,2026-07,Travel,126.58,Travel Vendor 17,,
TJ0021,2026-07-15,2026-07,Travel,126.06,Travel Vendor 30,,
TJ0022,2026-07-17,2026-07,Travel,182.4,Travel Vendor 33,,
TJ0023,2026-07-09,2026-07,Travel,179.96,Travel Vendor 12,,
TJ0024,2026-07-27,2026-07,Travel,118.18,Travel Vendor 26,,
TJ0025,2026-07-04,2026-07,Travel,111.01,Travel Vendor 20,,
TJ0026,2026-07-03,2026-07,Travel,147.25,Travel Vendor 27,,
TJ0027,2026-07-03,2026-07,Travel,87.65,Travel Vendor 19,,
TJ0028,2026-07-26,2026-07,Travel,75.91,Travel Vendor 09,,
TJ0029,2026-07-23,2026-07,Travel,143.65,Travel Vendor 23,,
TJ0030,2026-07-05,2026-07,Travel,92.9,Travel Vendor 08,,
TJ0031,2026-07-15,2026-07,Travel,88.55,Travel Vendor 06,,
TJ0032,2026-07-13,2026-07,Travel,175.04,Travel Vendor 10,,
TJ0033,2026-07-22,2026-07,Travel,168.22,Travel Vendor 10,,
TJ0034,2026-07-23,2026-07,Travel,116.1,Travel Vendor 32,,
TJ0035,2026-07-13,2026-07,Travel,104.09,Travel Vendor 12,,
TJ0036,2026-07-12,2026-07,Travel,101.41,Travel Vendor 23,,
TJ0037,2026-07-01,2026-07,Travel,103.94,Travel Vendor 29,,
TJ0038,2026-07-15,2026-07,Travel,151.41,Travel Vendor 24,,
TJ0039,2026-07-11,2026-07,Travel,127.27,Travel Vendor 18,,
TJ0040,2026-07-17,2026-07,Travel,184.9,Travel Vendor 07,,
TJ0041,2026-07-26,2026-07,Travel,89.71,Travel Vendor 06,,
TJ0042,2026-07-03,2026-07,Travel,94.52,Travel Vendor 02,,
TJ0043,2026-07-25,2026-07,Travel,83.6,Travel Vendor 08,,
TJ0044,2026-07-27,2026-07,Travel,114.89,Travel Vendor 16,,
TJ0045,2026-07-13,2026-07,Travel,79.42,Travel Vendor 32,,
TJ0046,2026-07-19,2026-07,Travel,124.3,Travel Vendor 20,,
TJ0047,2026-07-03,2026-07,Travel,96.28,Travel Vendor 11,,
TJ0048,2026-07-14,2026-07,Travel,176.39,Travel Vendor 17,,
TJ0049,2026-07-01,2026-07,Travel,142.48,Travel Vendor 16,,
TJ0050,2026-07-03,2026-07,Travel,139.06,Travel Vendor 14,,
TJ0051,2026-07-03,2026-07,Travel,94.38,Travel Vendor 07,,
TJ0052,2026-07-15,2026-07,Travel,61.5,Travel Vendor 35,,
TJ0053,2026-07-14,2026-07,Travel,180.47,Travel Vendor 17,,
TJ0054,2026-07-20,2026-07,Travel,76.8,Travel Vendor 33,,
TJ0055,2026-07-23,2026-07,Travel,91.0,Travel Vendor 07,,
TJ0056,2026-07-06,2026-07,Travel,94.05,Travel Vendor 11,,
TJ0057,2026-07-07,2026-07,Travel,181.19,Travel Vendor 19,,
TJ0058,2026-07-17,2026-07,Travel,158.73,Travel Vendor 18,,
TJ0059,2026-07-15,2026-07,Travel,125.01,Travel Vendor 11,,
TJ0060,2026-07-09,2026-07,Travel,105.11,Travel Vendor 01,,
TJ0061,2026-07-09,2026-07,Travel,64.8,Travel Vendor 01,,
TJ0062,2026-07-24,2026-07,Travel,125.74,Travel Vendor 12,,
TJ0063,2026-07-17,2026-07,Travel,121.72,Travel Vendor 28,,
TJ0064,2026-07-04,2026-07,Travel,145.58,Travel Vendor 27,,
TJ0065,2026-07-22,2026-07,Travel,124.35,Travel Vendor 25,,
TJ0066,2026-07-17,2026-07,Travel,100.01,Travel Vendor 13,,
TJ0067,2026-07-08,2026-07,Travel,104.55,Travel Vendor 08,,
TJ0068,2026-07-13,2026-07,Travel,188.63,Travel Vendor 03,,
TJ0069,2026-07-27,2026-07,Travel,76.88,Travel Vendor 04,,
TJ0070,2026-07-21,2026-07,Travel,156.32,Travel Vendor 16,,
TJ0071,2026-07-14,2026-07,Travel,81.22,Travel Vendor 05,,
TJ0072,2026-07-22,2026-07,Travel,169.36,Travel Vendor 32,,
TJ0073,2026-07-22,2026-07,Travel,186.22,Travel Vendor 38,,
TJ0074,2026-07-08,2026-07,Travel,150.05,Travel Vendor 02,,
TJ0075,2026-07-15,2026-07,Travel,84.1,Travel Vendor 17,,
TJ0076,2026-07-15,2026-07,Travel,60.47,Travel Vendor 23,,
TJ0077,2026-07-11,2026-07,Travel,186.44,Travel Vendor 35,,
TJ0078,2026-07-11,2026-07,Travel,91.78,Travel Vendor 19,,
TJ0079,2026-07-07,2026-07,Travel,106.36,Travel Vendor 00,,
TJ0080,2026-07-11,2026-07,Travel,109.61,Travel Vendor 30,,
TJ0081,2026-07-09,2026-07,Travel,125.36,Travel Vendor 12,,
TJ0082,2026-07-08,2026-07,Travel,125.62,Travel Vendor 00,,
TJ0083,2026-07-03,2026-07,Travel,94.34,Travel Vendor 05,,
TJ0084,2026-07-05,2026-07,Travel,111.94,Travel Vendor 02,,
TJ0085,2026-07-13,2026-07,Travel,62.92,Travel Vendor 19,,
TJ0086,2026-07-21,2026-07,Travel,90.27,Travel Vendor 37,,
TJ0087,2026-07-17,2026-07,Travel,170.92,Travel Vendor 09,,
TJ0088,2026-07-22,2026-07,Travel,176.06,Travel Vendor 38,,
TJ0089,2026-07-13,2026-07,Travel,159.36,Travel Vendor 31,,
TJ0090,2026-07-05,2026-07,Travel,96.94,Travel Vendor 39,,
TJ0091,2026-07-21,2026-07,Travel,78.82,Travel Vendor 32,,
TJ0092,2026-07-21,2026-07,Travel,115.8,Travel Vendor 32,,
TJ0093,2026-07-05,2026-07,Travel,178.29,Travel Vendor 32,,
TJ0094,2026-07-19,2026-07,Travel,168.54,Travel Vendor 01,,
TJ0095,2026-07-27,2026-07,Travel,149.24,Travel Vendor 14,,
TJ0096,2026-07-03,2026-07,Travel,64.05,Travel Vendor 08,,
TJ0097,2026-07-21,2026-07,Travel,106.89,Travel Vendor 06,,
TJ0098,2026-07-13,2026-07,Travel,168.66,Travel Vendor 35,,
TJ0099,2026-07-02,2026-07,Travel,141.61,Travel Vendor 34,,
TJ0100,2026-07-22,2026-07,Travel,91.79,Travel Vendor 16,,
TJ0101,2026-07-01,2026-07,Travel,119.4,Travel Vendor 04,,
TJ0102,2026-07-24,2026-07,Travel,181.23,Travel Vendor 34,,
TJ0103,2026-07-03,2026-07,Travel,145.71,Travel Vendor 04,,
TJ0104,2026-07-24,2026-07,Travel,155.78,Travel Vendor 16,,
TJ0105,2026-07-26,2026-07,Travel,69.68,Travel Vendor 16,,
TJ0106,2026-07-08,2026-07,Travel,154.81,Travel Vendor 13,,
TJ0107,2026-07-08,2026-07,Travel,156.18,Travel Vendor 29,,
TJ0108,2026-07-16,2026-07,Travel,169.92,Travel Vendor 04,,
TJ0109,2026-07-16,2026-07,Travel,178.36,Travel Vendor 18,,
TJ0110,2026-07-25,2026-07,Travel,66.08,Travel Vendor 12,,
TJ0111,2026-07-03,2026-07,Travel,137.96,Travel Vendor 21,,
TJ0112,2026-07-09,2026-07,Travel,144.7,Travel Vendor 19,,
TJ0113,2026-07-20,2026-07,Travel,133.81,Travel Vendor 00,,
TJ0114,2026-07-16,2026-07,Travel,67.89,Travel Vendor 17,,
TJ0115,2026-07-22,2026-07,Travel,72.94,Travel Vendor 13,,
TJ0116,2026-07-22,2026-07,Travel,123.65,Travel Vendor 33,,
TJ0117,2026-07-10,2026-07,Travel,120.41,Travel Vendor 29,,
TJ0118,2026-07-25,2026-07,Travel,75.41,Travel Vendor 35,,
TJ0119,2026-07-07,2026-07,Travel,100.52,Travel Vendor 05,,
TJ0120,2026-07-16,2026-07,Travel,62.28,Travel Vendor 29,,
TJ0121,2026-07-03,2026-07,Travel,166.59,Travel Vendor 28,,
TJ0122,2026-07-09,2026-07,Travel,110.29,Travel Vendor 13,,
TJ0123,2026-07-03,2026-07,Travel,135.59,Travel Vendor 09,,
TJ0124,2026-07-24,2026-07,Travel,128.13,Travel Vendor 23,,
TJ0125,2026-07-05,2026-07,Travel,138.44,Travel Vendor 32,,
TJ0126,2026-07-09,2026-07,Travel,175.29,Travel Vendor 23,,
TJ0127,2026-07-08,2026-07,Travel,124.73,Travel Vendor 31,,
TJ0128,2026-07-13,2026-07,Travel,63.23,Travel Vendor 00,,
TJ0129,2026-07-16,2026-07,Travel,148.61,Travel Vendor 25,,
TJ0130,2026-07-10,2026-07,Travel,154.53,Travel Vendor 26,,
TJ0131,2026-07-12,2026-07,Travel,108.89,Travel Vendor 07,,
TJ0132,2026-07-27,2026-07,Travel,103.07,Travel Vendor 20,,
TJ0133,2026-07-25,2026-07,Travel,103.98,Travel Vendor 25,,
TJ0134,2026-07-04,2026-07,Travel,182.18,Travel Vendor 12,,
TJ0135,2026-07-23,2026-07,Travel,61.52,Travel Vendor 18,,
TJ0136,2026-07-09,2026-07,Travel,108.39,Travel Vendor 25,,
TJ0137,2026-07-13,2026-07,Travel,189.84,Travel Vendor 37,,
TJ0138,2026-07-03,2026-07,Travel,106.89,Travel Vendor 27,,
TJ0139,2026-07-25,2026-07,Travel,95.77,Travel Vendor 03,,
TJ0140,2026-07-09,2026-07,Travel,73.22,Travel Vendor 18,,
TJ0141,2026-07-21,2026-07,Travel,181.63,Travel Vendor 15,,
TJ0142,2026-07-09,2026-07,Travel,116.71,Travel Vendor 20,,
TJ0143,2026-07-07,2026-07,Travel,160.51,Travel Vendor 27,,
TJ0144,2026-07-01,2026-07,Travel,165.56,Travel Vendor 25,,
TJ0145,2026-07-18,2026-07,Travel,131.4,Travel Vendor 05,,
TJ0146,2026-07-02,2026-07,Travel,181.35,Travel Vendor 26,,
TJ0147,2026-07-15,2026-07,Travel,139.94,Travel Vendor 08,,
TJ0148,2026-07-21,2026-07,Travel,173.03,Travel Vendor 31,,
TJ0149,2026-07-02,2026-07,Travel,178.55,Travel Vendor 35,,
TJ0150,2026-07-05,2026-07,Travel,82.2,Travel Vendor 26,,
TJ0151,2026-07-11,2026-07,Travel,96.63,Travel Vendor 16,,
TJ0152,2026-07-24,2026-07,Travel,156.04,Travel Vendor 16,,
TJ0153,2026-07-13,2026-07,Travel,145.28,Travel Vendor 19,,
TJ0154,2026-07-16,2026-07,Travel,132.45,Travel Vendor 25,,
TJ0155,2026-07-04,2026-07,Travel,81.75,Travel Vendor 10,,
TJ0156,2026-07-03,2026-07,Travel,87.02,Travel Vendor 31,,
TJ0157,2026-07-18,2026-07,Travel,88.6,Travel Vendor 21,,
TJ0158,2026-07-25,2026-07,Travel,118.49,Travel Vendor 08,,
TJ0159,2026-07-18,2026-07,Travel,85.01,Travel Vendor 05,,
TJ0160,2026-07-06,2026-07,Travel,104.45,Travel Vendor 05,,
TJ0161,2026-07-11,2026-07,Travel,91.09,Travel Vendor 16,,
TJ0162,2026-07-26,2026-07,Travel,134.05,Travel Vendor 01,,
TJ0163,2026-07-24,2026-07,Travel,173.18,Travel Vendor 24,,
TJ0164,2026-07-14,2026-07,Travel,156.96,Travel Vendor 13,,
TJ0165,2026-07-13,2026-07,Travel,95.13,Travel Vendor 03,,
TJ0166,2026-07-16,2026-07,Travel,96.08,Travel Vendor 23,,
TJ0167,2026-07-05,2026-07,Travel,149.28,Travel Vendor 33,,
TJ0168,2026-07-21,2026-07,Travel,162.74,Travel Vendor 13,,
TJ0169,2026-07-03,2026-07,Travel,95.23,Travel Vendor 15,,
TJ0170,2026-07-13,2026-07,Travel,111.97,Travel Vendor 28,,
TJ0171,2026-07-14,2026-07,Travel,184.01,Travel Vendor 01,,
TJ0172,2026-07-05,2026-07,Travel,64.19,Travel Vendor 30,,
TJ0173,2026-07-19,2026-07,Travel,123.68,Travel Vendor 04,,
TJ0174,2026-07-13,2026-07,Travel,180.93,Travel Vendor 33,,
TJ0175,2026-07-28,2026-07,Travel,120.86,Travel Vendor 28,,
TJ0176,2026-07-08,2026-07,Travel,161.8,Travel Vendor 14,,
TJ0177,2026-07-05,2026-07,Travel,79.77,Travel Vendor 06,,
TJ0178,2026-07-27,2026-07,Travel,153.83,Travel Vendor 29,,
TJ0179,2026-07-03,2026-07,Travel,131.7,Travel Vendor 02,,
TJ0180,2026-07-01,2026-07,Travel,161.7,Travel Vendor 14,,
TJ0181,2026-07-19,2026-07,Travel,179.59,Travel Vendor 19,,
TJ0182,2026-07-05,2026-07,Travel,141.44,Travel Vendor 33,,
TJ0183,2026-07-21,2026-07,Travel,116.87,Travel Vendor 07,,
TJ0184,2026-07-04,2026-07,Travel,69.15,Travel Vendor 33,,
TJ0185,2026-07-19,2026-07,Travel,84.92,Travel Vendor 16,,
TJ0186,2026-07-08,2026-07,Travel,162.76,Travel Vendor 00,,
TJ0187,2026-07-01,2026-07,Travel,129.87,Travel Vendor 29,,
TJ0188,2026-07-09,2026-07,Travel,184.66,Travel Vendor 15,,
TJ0189,2026-07-16,2026-07,Travel,128.42,Travel Vendor 35,,
TJ0190,2026-07-08,2026-07,Travel,63.81,Travel Vendor 26,,
TJ0191,2026-07-23,2026-07,Travel,144.45,Travel Vendor 03,,
TJ0192,2026-07-01,2026-07,Travel,85.23,Travel Vendor 26,,
TJ0193,2026-07-03,2026-07,Travel,93.44,Travel Vendor 27,,
TJ0194,2026-07-12,2026-07,Travel,89.48,Travel Vendor 02,,
TJ0195,2026-07-23,2026-07,Travel,103.95,Travel Vendor 26,,
TJ0196,2026-07-12,2026-07,Travel,148.73,Travel Vendor 12,,
TJ0197,2026-07-01,2026-07,Travel,163.62,Travel Vendor 32,,
TJ0198,2026-07-03,2026-07,Travel,86.68,Travel Vendor 12,,
TJ0199,2026-07-10,2026-07,Travel,159.56,Travel Vendor 12,,
TJ0200,2026-07-08,2026-07,Travel,120.46,Travel Vendor 16,,
TJ0201,2026-07-25,2026-07,Travel,175.61,Travel Vendor 06,,
TJ0202,2026-07-20,2026-07,Travel,124.45,Travel Vendor 11,,
TJ0203,2026-07-08,2026-07,Travel,123.06,Travel Vendor 03,,
TJ0204,2026-07-20,2026-07,Travel,79.03,Travel Vendor 25,,
TJ0205,2026-07-02,2026-07,Travel,87.68,Travel Vendor 38,,
TJ0206,2026-07-05,2026-07,Travel,114.0,Travel Vendor 03,,
TJ0207,2026-07-06,2026-07,Travel,111.13,Travel Vendor 20,,
TJ0208,2026-07-24,2026-07,Travel,74.72,Travel Vendor 05,,
TJ0209,2026-07-06,2026-07,Travel,102.8,Travel Vendor 11,,
TJ0210,2026-07-21,2026-07,Travel,181.66,Travel Vendor 29,,
TJ0211,2026-07-02,2026-07,Travel,100.54,Travel Vendor 24,,
TJ0212,2026-07-27,2026-07,Travel,108.6,Travel Vendor 21,,
TJ0213,2026-07-15,2026-07,Travel,82.0,Travel Vendor 00,,
TJ0214,2026-07-03,2026-07,Travel,96.37,Travel Vendor 22,,
TJ0215,2026-07-14,2026-07,Travel,184.22,Travel Vendor 07,,
TJ0216,2026-07-18,2026-07,Travel,185.36,Travel Vendor 13,,
TJ0217,2026-07-13,2026-07,Travel,106.36,Travel Vendor 19,,
TJ0218,2026-07-27,2026-07,Travel,164.51,Travel Vendor 05,,
TJ0219,2026-07-02,2026-07,Travel,151.68,Travel Vendor 12,,
TJ0220,2026-07-12,2026-07,Travel,130.4,Travel Vendor 28,,
TJ0221,2026-07-07,2026-07,Travel,102.03,Travel Vendor 30,,
TJ0222,2026-07-01,2026-07,Travel,142.12,Travel Vendor 15,,
TJ0223,2026-07-26,2026-07,Travel,141.3,Travel Vendor 25,,
TJ0224,2026-07-02,2026-07,Travel,108.82,Travel Vendor 29,,
TJ0225,2026-07-03,2026-07,Travel,164.43,Travel Vendor 03,,
TJ0226,2026-07-09,2026-07,Travel,85.34,Travel Vendor 04,,
TJ0227,2026-07-20,2026-07,Travel,104.08,Travel Vendor 17,,
TJ0228,2026-07-11,2026-07,Travel,184.5,Travel Vendor 39,,
TJ0229,2026-07-02,2026-07,Travel,94.08,Travel Vendor 20,,
TJ0230,2026-07-09,2026-07,Travel,98.66,Travel Vendor 38,,
TJ0231,2026-07-26,2026-07,Travel,142.42,Travel Vendor 04,,
TJ0232,2026-07-01,2026-07,Travel,167.38,Travel Vendor 06,,
TJ0233,2026-07-16,2026-07,Travel,153.02,Travel Vendor 29,,
TJ0234,2026-07-25,2026-07,Travel,110.25,Travel Vendor 16,,
TJ0235,2026-07-14,2026-07,Travel,165.92,Travel Vendor 08,,
TJ0236,2026-07-16,2026-07,Travel,83.78,Travel Vendor 19,,
TJ0237,2026-07-27,2026-07,Travel,149.97,Travel Vendor 09,,
TJ0238,2026-07-20,2026-07,Travel,90.7,Travel Vendor 20,,
TJ0239,2026-07-15,2026-07,Travel,107.04,Travel Vendor 38,,
TJ0240,2026-07-03,2026-07,Travel,126.55,Travel Vendor 25,,
TJ0241,2026-07-25,2026-07,Travel,80.79,Travel Vendor 26,,
TJ0242,2026-07-03,2026-07,Travel,144.44,Travel Vendor 30,,
TJ0243,2026-07-18,2026-07,Travel,130.8,Travel Vendor 10,,
TJ0244,2026-07-14,2026-07,Travel,174.85,Travel Vendor 04,,
TJ0245,2026-07-09,2026-07,Travel,141.2,Travel Vendor 13,,
TJ0246,2026-07-04,2026-07,Travel,114.74,Travel Vendor 28,,
TJ0247,2026-07-06,2026-07,Travel,90.45,Travel Vendor 26,,
TJ0248,2026-07-15,2026-07,Travel,140.64,Travel Vendor 15,,
TJ0249,2026-07-24,2026-07,Travel,130.01,Travel Vendor 07,,
TJ0250,2026-07-25,2026-07,Travel,169.31,Travel Vendor 18,,
TJ0251,2026-07-09,2026-07,Travel,133.69,Travel Vendor 23,,
TJ0252,2026-07-09,2026-07,Travel,155.95,Travel Vendor 12,,
TJ0253,2026-07-15,2026-07,Travel,92.17,Travel Vendor 15,,
TJ0254,2026-07-08,2026-07,Travel,79.93,Travel Vendor 37,,
TJ0255,2026-07-07,2026-07,Travel,102.42,Travel Vendor 25,,
TJ0256,2026-07-09,2026-07,Travel,189.02,Travel Vendor 32,,
TJ0257,2026-07-17,2026-07,Travel,90.08,Travel Vendor 06,,
TJ0258,2026-07-21,2026-07,Travel,120.31,Travel Vendor 02,,
TJ0259,2026-07-04,2026-07,Travel,60.58,Travel Vendor 14,,
TJ0260,2026-07-27,2026-07,Travel,118.28,Travel Vendor 23,,
TJ0261,2026-07-02,2026-07,Travel,173.99,Travel Vendor 14,,
TJ0262,2026-07-04,2026-07,Travel,66.55,Travel Vendor 38,,
TJ0263,2026-07-27,2026-07,Travel,135.82,Travel Vendor 04,,
TJ0264,2026-07-12,2026-07,Travel,126.65,Travel Vendor 11,,
TJ0265,2026-07-15,2026-07,Travel,138.4,Travel Vendor 00,,
TJ0266,2026-07-04,2026-07,Travel,142.87,Travel Vendor 39,,
TJ0267,2026-07-12,2026-07,Travel,88.29,Travel Vendor 23,,
TJ0268,2026-07-11,2026-07,Travel,78.38,Travel Vendor 13,,
TJ0269,2026-07-09,2026-07,Travel,64.97,Travel Vendor 13,,
TJ0270,2026-07-27,2026-07,Travel,61.48,Travel Vendor 20,,
TJ0271,2026-07-14,2026-07,Travel,148.18,Travel Vendor 11,,
TJ0272,2026-07-20,2026-07,Travel,100.59,Travel Vendor 13,,
TJ0273,2026-07-02,2026-07,Travel,163.39,Travel Vendor 35,,
TJ0274,2026-07-16,2026-07,Travel,68.23,Travel Vendor 06,,
TJ0275,2026-07-26,2026-07,Travel,111.39,Travel Vendor 35,,
TJ0276,2026-07-05,2026-07,Travel,143.09,Travel Vendor 05,,
TJ0277,2026-07-21,2026-07,Travel,81.28,Travel Vendor 17,,
TJ0278,2026-07-14,2026-07,Travel,188.47,Travel Vendor 19,,
TJ0279,2026-07-14,2026-07,Travel,183.91,Travel Vendor 19,,
TJ0280,2026-07-24,2026-07,Travel,133.65,Travel Vendor 22,,
TJ0281,2026-07-14,2026-07,Travel,114.14,Travel Vendor 23,,
TJ0282,2026-07-21,2026-07,Travel,85.64,Travel Vendor 25,,
TJ0283,2026-07-07,2026-07,Travel,182.46,Travel Vendor 27,,
TJ0284,2026-07-06,2026-07,Travel,115.09,Travel Vendor 05,,
TJ0285,2026-07-13,2026-07,Travel,135.11,Travel Vendor 23,,
TJ0286,2026-07-15,2026-07,Travel,160.5,Travel Vendor 08,,
TJ0287,2026-07-01,2026-07,Travel,66.72,Travel Vendor 09,,
TJ0288,2026-07-21,2026-07,Travel,164.84,Travel Vendor 25,,
TJ0289,2026-07-03,2026-07,Travel,134.47,Travel Vendor 23,,
TJ0290,2026-07-24,2026-07,Travel,125.58,Travel Vendor 09,,
TJ0291,2026-07-12,2026-07,Travel,96.83,Travel Vendor 33,,
TJ0292,2026-07-06,2026-07,Travel,180.31,Travel Vendor 06,,
TJ0293,2026-07-13,2026-07,Travel,123.77,Travel Vendor 12,,
TJ0294,2026-07-10,2026-07,Travel,76.46,Travel Vendor 02,,
TJ0295,2026-07-16,2026-07,Travel,100.89,Travel Vendor 38,,
TJ0296,2026-07-21,2026-07,Travel,110.43,Travel Vendor 39,,
TJ0297,2026-07-23,2026-07,Travel,167.19,Travel Vendor 10,,
TJ0298,2026-07-21,2026-07,Travel,162.16,Travel Vendor 14,,
TJ0299,2026-07-20,2026-07,Travel,112.58,Travel Vendor 12,,
TJ0300,2026-07-27,2026-07,Travel,121.48,Travel Vendor 36,,
TJ0301,2026-07-07,2026-07,Travel,65.42,Travel Vendor 33,,
TJ0302,2026-07-06,2026-07,Travel,109.86,Travel Vendor 07,,
TJ0303,2026-07-05,2026-07,Travel,92.12,Travel Vendor 12,,
TJ0304,2026-07-02,2026-07,Travel,174.9,Travel Vendor 02,,
TJ0305,2026-07-22,2026-07,Travel,168.97,Travel Vendor 07,,
TJ0306,2026-07-13,2026-07,Travel,137.94,Travel Vendor 35,,
TJ0307,2026-07-28,2026-07,Travel,141.52,Travel Vendor 19,,
TJ0308,2026-07-21,2026-07,Travel,114.61,Travel Vendor 37,,
TJ0309,2026-07-08,2026-07,Travel,115.35,Travel Vendor 23,,
TJ0310,2026-07-15,2026-07,Travel,125.47,Travel Vendor 11,,
TJ0311,2026-07-01,2026-07,Travel,60.46,Travel Vendor 31,,
TJ0312,2026-07-15,2026-07,Travel,90.58,Travel Vendor 39,,
TJ0313,2026-07-25,2026-07,Travel,166.47,Travel Vendor 11,,
TJ0314,2026-07-26,2026-07,Travel,121.52,Travel Vendor 06,,
TJ0315,2026-07-03,2026-07,Travel,76.7,Travel Vendor 27,,
TJ0316,2026-07-12,2026-07,Travel,71.92,Travel Vendor 28,,
TJ0317,2026-07-17,2026-07,Travel,126.32,Travel Vendor 02,,
TJ0318,2026-07-02,2026-07,Travel,142.74,Travel Vendor 05,,
TJ0319,2026-07-24,2026-07,Travel,100.78,Travel Vendor 32,,
TJ0320,2026-07-03,2026-07,Travel,67.05,Travel Vendor 32,,
TJ0321,2026-07-13,2026-07,Travel,144.86,Travel Vendor 08,,
TJ0322,2026-07-01,2026-07,Travel,171.42,Travel Vendor 39,,
TJ0323,2026-07-24,2026-07,Travel,150.03,Travel Vendor 07,,
TJ0324,2026-07-07,2026-07,Travel,77.11,Travel Vendor 31,,
TJ0325,2026-07-10,2026-07,Travel,184.36,Travel Vendor 10,,
TJ0326,2026-07-22,2026-07,Travel,162.49,Travel Vendor 14,,
TJ0327,2026-07-03,2026-07,Travel,168.29,Travel Vendor 39,,
TJ0328,2026-07-25,2026-07,Travel,92.79,Travel Vendor 20,,
TJ0329,2026-07-20,2026-07,Travel,95.75,Travel Vendor 29,,
TJ0330,2026-07-05,2026-07,Travel,93.04,Travel Vendor 30,,
TJ0331,2026-07-07,2026-07,Travel,136.95,Travel Vendor 39,,
TJ0332,2026-07-17,2026-07,Travel,90.86,Travel Vendor 23,,
TJ0333,2026-07-02,2026-07,Travel,85.86,Travel Vendor 25,,
TJ0334,2026-07-06,2026-07,Travel,142.75,Travel Vendor 17,,
TJ0335,2026-07-22,2026-07,Travel,102.62,Travel Vendor 24,,
TJ0336,2026-07-06,2026-07,Travel,162.98,Travel Vendor 16,,
TJ0337,2026-07-04,2026-07,Travel,159.87,Travel Vendor 03,,
TJ0338,2026-07-21,2026-07,Travel,171.58,Travel Vendor 28,,
TJ0339,2026-07-18,2026-07,Travel,127.79,Travel Vendor 06,,
TJ0340,2026-07-09,2026-07,Travel,189.08,Travel Vendor 25,,
TJ0341,2026-07-24,2026-07,Travel,163.7,Travel Vendor 16,,
TJ0342,2026-07-13,2026-07,Travel,188.76,Travel Vendor 36,,
TJ0343,2026-07-05,2026-07,Travel,106.83,Travel Vendor 05,,
TJ0344,2026-07-15,2026-07,Travel,89.91,Travel Vendor 39,,
TJ0345,2026-07-24,2026-07,Travel,184.54,Travel Vendor 18,,
TJ0346,2026-07-27,2026-07,Travel,127.09,Travel Vendor 19,,
TJ0347,2026-07-21,2026-07,Travel,185.57,Travel Vendor 37,,
TJ0348,2026-07-22,2026-07,Travel,176.44,Travel Vendor 00,,
TJ0349,2026-07-24,2026-07,Travel,64.39,Travel Vendor 09,,
TJ0350,2026-07-10,2026-07,Travel,140.09,Travel Vendor 27,,
TJ0351,2026-07-14,2026-07,Travel,126.65,Travel Vendor 03,,
TJ0352,2026-07-05,2026-07,Travel,123.49,Travel Vendor 39,,
TJ0353,2026-07-21,2026-07,Travel,65.93,Travel Vendor 03,,
TJ0354,2026-07-01,2026-07,Travel,133.73,Travel Vendor 19,,
TJ0355,2026-07-04,2026-07,Travel,128.0,Travel Vendor 34,,
TJ0356,2026-07-08,2026-07,Travel,113.72,Travel Vendor 19,,
TJ0357,2026-07-19,2026-07,Travel,77.38,Travel Vendor 23,,
TJ0358,2026-07-20,2026-07,Travel,167.7,Travel Vendor 10,,
TJ0359,2026-07-05,2026-07,Travel,61.83,Travel Vendor 15,,
TJ0360,2026-07-23,2026-07,Travel,79.41,Travel Vendor 06,,
TJ0361,2026-07-03,2026-07,Travel,142.97,Travel Vendor 17,,
TJ0362,2026-07-13,2026-07,Travel,165.5,Travel Vendor 00,,
TJ0363,2026-07-02,2026-07,Travel,143.84,Travel Vendor 35,,
TJ0364,2026-07-12,2026-07,Travel,137.31,Travel Vendor 37,,
TJ0365,2026-07-15,2026-07,Travel,138.24,Travel Vendor 33,,
TJ0366,2026-07-24,2026-07,Travel,124.07,Travel Vendor 10,,
TJ0367,2026-07-01,2026-07,Travel,65.72,Travel Vendor 34,,
TJ0368,2026-07-01,2026-07,Travel,112.78,Travel Vendor 15,,
TJ0369,2026-07-06,2026-07,Travel,67.59,Travel Vendor 06,,
TJ0370,2026-07-01,2026-07,Travel,139.64,Travel Vendor 12,,
TJ0371,2026-07-05,2026-07,Travel,113.71,Travel Vendor 33,,
TJ0372,2026-07-20,2026-07,Travel,143.55,Travel Vendor 26,,
TJ0373,2026-07-27,2026-07,Travel,139.71,Travel Vendor 32,,
TJ0374,2026-07-10,2026-07,Travel,68.29,Travel Vendor 03,,
TJ0375,2026-07-24,2026-07,Travel,161.79,Travel Vendor 34,,
TJ0376,2026-07-01,2026-07,Travel,108.77,Travel Vendor 27,,
TJ0377,2026-07-24,2026-07,Travel,178.59,Travel Vendor 05,,
TJ0378,2026-07-24,2026-07,Travel,145.22,Travel Vendor 11,,
TJ0379,2026-07-08,2026-07,Travel,189.56,Travel Vendor 16,,
TJ0380,2026-07-08,2026-07,Travel,143.72,Travel Vendor 07,,
TJ0381,2026-07-11,2026-07,Travel,175.87,Travel Vendor 16,,
TJ0382,2026-07-23,2026-07,Travel,66.83,Travel Vendor 35,,
TJ0383,2026-07-22,2026-07,Travel,116.69,Travel Vendor 33,,
TJ0384,2026-07-09,2026-07,Travel,98.43,Travel Vendor 13,,
TJ0385,2026-07-03,2026-07,Travel,174.41,Travel Vendor 00,,
TJ0386,2026-07-06,2026-07,Travel,93.85,Travel Vendor 15,,
TJ0387,2026-07-27,2026-07,Travel,156.7,Travel Vendor 10,,
TJ0388,2026-07-24,2026-07,Travel,178.94,Travel Vendor 12,,
TJ0389,2026-07-13,2026-07,Travel,102.71,Travel Vendor 15,,
TJ0390,2026-07-13,2026-07,Travel,177.98,Travel Vendor 34,,
TJ0391,2026-07-16,2026-07,Travel,121.38,Travel Vendor 33,,
TJ0392,2026-07-23,2026-07,Travel,60.83,Travel Vendor 01,,
TJ0393,2026-07-14,2026-07,Travel,184.24,Travel Vendor 14,,
TJ0394,2026-07-19,2026-07,Travel,175.02,Travel Vendor 13,,
TJ0395,2026-07-13,2026-07,Travel,140.94,Travel Vendor 04,,
TJ0396,2026-07-19,2026-07,Travel,178.4,Travel Vendor 09,,
TJ0397,2026-07-02,2026-07,Travel,63.5,Travel Vendor 06,,
TJ0398,2026-07-20,2026-07,Travel,180.76,Travel Vendor 22,,
TJ0399,2026-07-05,2026-07,Travel,151.1,Travel Vendor 01,,
TJ0400,2026-07-02,2026-07,Travel,77.99,Travel Vendor 02,,
TJ0401,2026-07-23,2026-07,Travel,68.82,Travel Vendor 02,,
TJ0402,2026-07-03,2026-07,Travel,171.34,Travel Vendor 23,,
TJ0403,2026-07-07,2026-07,Travel,166.28,Travel Vendor 34,,
TJ0404,2026-07-22,2026-07,Travel,68.57,Travel Vendor 24,,
TJ0405,2026-07-04,2026-07,Travel,92.06,Travel Vendor 13,,
TJ0406,2026-07-04,2026-07,Travel,64.4,Travel Vendor 05,,
TJ0407,2026-07-27,2026-07,Travel,157.69,Travel Vendor 18,,
TJ0408,2026-07-16,2026-07,Travel,72.98,Travel Vendor 06,,
TJ0409,2026-07-26,2026-07,Travel,158.46,Travel Vendor 13,,
TJ0410,2026-07-10,2026-07,Travel,101.49,Travel Vendor 27,,
TJ0411,2026-07-09,2026-07,Travel,62.72,Travel Vendor 16,,
TJ0412,2026-07-10,2026-07,Travel,66.29,Travel Vendor 23,,
TJ0413,2026-07-11,2026-07,Travel,160.0,Travel Vendor 38,,
TJ0414,2026-07-17,2026-07,Travel,121.89,Travel Vendor 18,,
TJ0415,2026-07-20,2026-07,Travel,156.94,Travel Vendor 26,,
TJ0416,2026-07-01,2026-07,Travel,116.74,Travel Vendor 06,,
TJ0417,2026-07-12,2026-07,Travel,120.96,Travel Vendor 03,,
TJ0418,2026-07-18,2026-07,Travel,133.59,Travel Vendor 05,,
TJ0419,2026-07-19,2026-07,Travel,166.58,Travel Vendor 10,,
TJ0420,2026-07-14,2026-07,Travel,60.17,Travel Vendor 12,,
TJ0421,2026-07-10,2026-07,Travel,159.08,Travel Vendor 03,,
TJ0422,2026-07-01,2026-07,Travel,105.21,Travel Vendor 06,,
TJ0423,2026-07-16,2026-07,Travel,150.38,Travel Vendor 11,,
TJ0424,2026-07-16,2026-07,Travel,137.03,Travel Vendor 32,,
TJ0425,2026-07-09,2026-07,Travel,135.14,Travel Vendor 10,,
TJ0426,2026-07-10,2026-07,Travel,165.98,Travel Vendor 14,,
TJ0427,2026-07-16,2026-07,Travel,81.55,Travel Vendor 05,,
TJ0428,2026-07-16,2026-07,Travel,162.43,Travel Vendor 35,,
TJ0429,2026-07-26,2026-07,Travel,73.59,Travel Vendor 20,,
TJ0430,2026-07-12,2026-07,Travel,72.37,Travel Vendor 25,,
TJ0431,2026-07-24,2026-07,Travel,71.2,Travel Vendor 01,,
TJ0432,2026-07-12,2026-07,Travel,86.8,Travel Vendor 16,,
TJ0433,2026-07-14,2026-07,Travel,177.16,Travel Vendor 32,,
TJ0434,2026-07-06,2026-07,Travel,109.31,Travel Vendor 14,,
TJ0435,2026-07-15,2026-07,Travel,76.49,Travel Vendor 38,,
TJ0436,2026-07-25,2026-07,Travel,149.6,Travel Vendor 38,,
TJ0437,2026-07-21,2026-07,Travel,64.4,Travel Vendor 37,,
TJ0438,2026-07-11,2026-07,Travel,127.83,Travel Vendor 28,,
TJ0439,2026-07-22,2026-07,Travel,131.99,Travel Vendor 20,,
TJ0440,2026-07-06,2026-07,Travel,120.21,Travel Vendor 16,,
TJ0441,2026-07-19,2026-07,Travel,90.03,Travel Vendor 21,,
TJ0442,2026-07-15,2026-07,Travel,143.55,Travel Vendor 15,,
TJ0443,2026-07-17,2026-07,Travel,84.9,Travel Vendor 19,,
TJ0444,2026-07-25,2026-07,Travel,151.41,Travel Vendor 39,,
TJ0445,2026-07-05,2026-07,Travel,154.03,Travel Vendor 15,,
TJ0446,2026-07-24,2026-07,Travel,102.45,Travel Vendor 33,,
TJ0447,2026-07-12,2026-07,Travel,80.92,Travel Vendor 20,,
TJ0448,2026-07-07,2026-07,Travel,93.63,Travel Vendor 06,,
TJ0449,2026-07-06,2026-07,Travel,185.11,Travel Vendor 06,,
TJ0450,2026-07-07,2026-07,Travel,109.95,Travel Vendor 09,,
TJ0451,2026-07-26,2026-07,Travel,99.27,Travel Vendor 19,,
TJ0452,2026-07-14,2026-07,Travel,95.6,Travel Vendor 06,,
TJ0453,2026-07-21,2026-07,Travel,178.48,Travel Vendor 17,,
TJ0454,2026-07-07,2026-07,Travel,175.08,Travel Vendor 29,,
TJ0455,2026-07-02,2026-07,Travel,61.64,Travel Vendor 27,,
TJ0456,2026-07-23,2026-07,Travel,88.92,Travel Vendor 18,,
TJ0457,2026-07-15,2026-07,Travel,62.88,Travel Vendor 16,,
TJ0458,2026-07-20,2026-07,Travel,155.97,Travel Vendor 00,,
TJ0459,2026-07-24,2026-07,Travel,91.5,Travel Vendor 27,,
TJ0460,2026-07-23,2026-07,Travel,134.62,Travel Vendor 26,,
TJ0461,2026-07-28,2026-07,Travel,89.71,Travel Vendor 37,,
TJ0462,2026-07-28,2026-07,Travel,89.72,Travel Vendor 11,,
TJ0463,2026-07-21,2026-07,Travel,76.15,Travel Vendor 27,,
TJ0464,2026-07-11,2026-07,Travel,93.78,Travel Vendor 06,,
TJ0465,2026-07-14,2026-07,Travel,91.51,Travel Vendor 25,,
TJ0466,2026-07-23,2026-07,Travel,152.64,Travel Vendor 10,,
TJ0467,2026-07-09,2026-07,Travel,170.43,Travel Vendor 30,,
TJ0468,2026-07-15,2026-07,Travel,62.56,Travel Vendor 26,,
TJ0469,2026-07-17,2026-07,Travel,147.78,Travel Vendor 11,,
TJ0470,2026-07-21,2026-07,Travel,102.65,Travel Vendor 00,,
TJ0471,2026-07-13,2026-07,Travel,168.14,Travel Vendor 06,,
TJ0472,2026-07-02,2026-07,Travel,92.66,Travel Vendor 13,,
TJ0473,2026-07-06,2026-07,Travel,153.11,Travel Vendor 12,,
TJ0474,2026-07-17,2026-07,Travel,105.27,Travel Vendor 36,,
TJ0475,2026-07-15,2026-07,Travel,130.33,Travel Vendor 30,,
TJ0476,2026-07-17,2026-07,Travel,62.09,Travel Vendor 23,,
TJ0477,2026-07-17,2026-07,Travel,104.57,Travel Vendor 29,,
TJ0478,2026-07-07,2026-07,Travel,188.74,Travel Vendor 11,,
TJ0479,2026-07-13,2026-07,Travel,126.79,Travel Vendor 07,,
TJ0480,2026-07-24,2026-07,Travel,187.98,Travel Vendor 22,,
TJ0481,2026-07-21,2026-07,Travel,67.36,Travel Vendor 17,,
TJ0482,2026-07-13,2026-07,Travel,111.96,Travel Vendor 00,,
TJ0483,2026-07-03,2026-07,Travel,114.42,Travel Vendor 26,,
TJ0484,2026-07-21,2026-07,Travel,150.77,Travel Vendor 22,,
TJ0485,2026-07-19,2026-07,Travel,94.47,Travel Vendor 14,,
TJ0486,2026-07-10,2026-07,Travel,156.39,Travel Vendor 33,,
TJ0487,2026-07-08,2026-07,Travel,189.25,Travel Vendor 25,,
TJ0488,2026-07-15,2026-07,Travel,87.56,Travel Vendor 08,,
TJ0489,2026-07-25,2026-07,Travel,68.96,Travel Vendor 12,,
TJ0490,2026-07-16,2026-07,Travel,143.49,Travel Vendor 14,,
TJ0491,2026-07-27,2026-07,Travel,185.3,Travel Vendor 22,,
TJ0492,2026-07-22,2026-07,Travel,143.04,Travel Vendor 26,,
TJ0493,2026-07-15,2026-07,Travel,189.5,Travel Vendor 35,,
TJ0494,2026-07-21,2026-07,Travel,76.27,Travel Vendor 30,,
TJ0495,2026-07-12,2026-07,Travel,161.87,Travel Vendor 14,,
TJ0496,2026-07-09,2026-07,Travel,151.55,Travel Vendor 16,,
TJ0497,2026-07-14,2026-07,Travel,148.25,Travel Vendor 30,,
TJ0498,2026-07-01,2026-07,Travel,164.71,Travel Vendor 17,,
TJ0499,2026-07-12,2026-07,Travel,91.85,Travel Vendor 19,,
TJ0500,2026-07-11,2026-07,Travel,122.34,Travel Vendor 27,,
TJ0501,2026-07-20,2026-07,Travel,142.85,Travel Vendor 23,,
TJ0502,2026-07-05,2026-07,Travel,180.73,Travel Vendor 24,,
TJ0503,2026-07-02,2026-07,Travel,71.09,Travel Vendor 36,,
TJ0504,2026-07-11,2026-07,Travel,161.92,Travel Vendor 08,,
TJ0505,2026-07-17,2026-07,Travel,168.07,Travel Vendor 37,,
TJ0506,2026-07-01,2026-07,Travel,145.45,Travel Vendor 13,,
TJ0507,2026-07-03,2026-07,Travel,145.27,Travel Vendor 16,,
TJ0508,2026-07-20,2026-07,Travel,73.2,Travel Vendor 09,,
TJ0509,2026-07-28,2026-07,Travel,90.37,Travel Vendor 28,,
TJ0510,2026-07-12,2026-07,Travel,162.04,Travel Vendor 13,,
TJ0511,2026-07-13,2026-07,Travel,162.92,Travel Vendor 10,,
TJ0512,2026-07-20,2026-07,Travel,175.85,Travel Vendor 38,,
TJ0513,2026-07-26,2026-07,Travel,71.75,Travel Vendor 35,,
TJ0514,2026-07-26,2026-07,Travel,142.76,Travel Vendor 19,,
TJ0515,2026-07-07,2026-07,Travel,124.28,Travel Vendor 13,,
TJ0516,2026-07-17,2026-07,Travel,70.22,Travel Vendor 28,,
TJ0517,2026-07-22,2026-07,Travel,174.75,Travel Vendor 35,,
TJ0518,2026-07-04,2026-07,Travel,94.38,Travel Vendor 14,,
TJ0519,2026-07-27,2026-07,Travel,78.11,Travel Vendor 31,,
TJ0520,2026-07-18,2026-07,Travel,67.6,Travel Vendor 29,,
TJ0521,2026-07-05,2026-07,Travel,151.05,Travel Vendor 15,,
TJ0522,2026-07-16,2026-07,Travel,81.4,Travel Vendor 38,,
TJ0523,2026-07-28,2026-07,Travel,155.5,Travel Vendor 10,,
TJ0524,2026-07-27,2026-07,Travel,101.69,Travel Vendor 36,,
TJ0525,2026-07-16,2026-07,Travel,146.49,Travel Vendor 29,,
TJ0526,2026-07-12,2026-07,Travel,115.36,Travel Vendor 04,,
TJ0527,2026-07-06,2026-07,Travel,142.82,Travel Vendor 01,,
TJ0528,2026-07-01,2026-07,Travel,139.26,Travel Vendor 21,,
TJ0529,2026-07-26,2026-07,Travel,187.62,Travel Vendor 32,,
TJ0530,2026-07-16,2026-07,Travel,123.01,Travel Vendor 09,,
TJ0531,2026-07-02,2026-07,Travel,87.74,Travel Vendor 26,,
TJ0532,2026-07-21,2026-07,Travel,76.5,Travel Vendor 06,,
TJ0533,2026-07-28,2026-07,Travel,145.67,Travel Vendor 21,,
TJ0534,2026-07-16,2026-07,Travel,161.21,Travel Vendor 35,,
TJ0535,2026-07-25,2026-07,Travel,178.6,Travel Vendor 18,,
TJ0536,2026-07-14,2026-07,Travel,104.45,Travel Vendor 16,,
TJ0537,2026-07-18,2026-07,Travel,66.85,Travel Vendor 18,,
TJ0538,2026-07-10,2026-07,Travel,106.17,Travel Vendor 31,,
TJ0539,2026-07-13,2026-07,Travel,103.38,Travel Vendor 17,,
TJ0540,2026-07-28,2026-07,Travel,125.84,Travel Vendor 13,,
TJ0541,2026-07-21,2026-07,Travel,123.99,Travel Vendor 07,,
TJ0542,2026-07-11,2026-07,Travel,85.0,Travel Vendor 19,,
TJ0543,2026-07-05,2026-07,Travel,136.24,Travel Vendor 05,,
TJ0544,2026-07-26,2026-07,Travel,189.54,Travel Vendor 25,,
TJ0545,2026-07-24,2026-07,Travel,132.06,Travel Vendor 25,,
TJ0546,2026-07-18,2026-07,Travel,134.63,Travel Vendor 25,,
TJ0547,2026-07-10,2026-07,Travel,74.11,Travel Vendor 02,,
TJ0548,2026-07-07,2026-07,Travel,166.85,Travel Vendor 30,,
TJ0549,2026-07-20,2026-07,Travel,159.58,Travel Vendor 03,,
TJ0550,2026-07-26,2026-07,Travel,125.11,Travel Vendor 34,,
TJ0551,2026-07-20,2026-07,Travel,108.89,Travel Vendor 09,,
TJ0552,2026-07-21,2026-07,Travel,147.58,Travel Vendor 38,,
TJ0553,2026-07-22,2026-07,Travel,70.79,Travel Vendor 02,,
TJ0554,2026-07-22,2026-07,Travel,142.37,Travel Vendor 11,,
TJ0555,2026-07-04,2026-07,Travel,146.27,Travel Vendor 02,,
TJ0556,2026-07-14,2026-07,Travel,160.69,Travel Vendor 00,,
TJ0557,2026-07-12,2026-07,Travel,173.35,Travel Vendor 08,,
TJ0558,2026-07-26,2026-07,Travel,100.21,Travel Vendor 16,,
TJ0559,2026-07-28,2026-07,Travel,99.27,Travel Vendor 26,,
TJ0560,2026-07-02,2026-07,Travel,101.4,Travel Vendor 27,,
TJ0561,2026-07-19,2026-07,Travel,143.43,Travel Vendor 03,,
TJ0562,2026-07-16,2026-07,Travel,133.78,Travel Vendor 02,,
TJ0563,2026-07-27,2026-07,Travel,75.45,Travel Vendor 26,,
TJ0564,2026-07-19,2026-07,Travel,150.44,Travel Vendor 25,,
TJ0565,2026-07-15,2026-07,Travel,68.74,Travel Vendor 24,,
TJ0566,2026-07-20,2026-07,Travel,136.96,Travel Vendor 09,,
TJ0567,2026-07-16,2026-07,Travel,160.09,Travel Vendor 35,,
TJ0568,2026-07-04,2026-07,Travel,70.78,Travel Vendor 30,,
TJ0569,2026-07-07,2026-07,Travel,176.45,Travel Vendor 00,,
TJ0570,2026-07-14,2026-07,Travel,60.62,Travel Vendor 07,,
TJ0571,2026-07-28,2026-07,Travel,71.46,Travel Vendor 07,,
TJ0572,2026-07-05,2026-07,Travel,121.4,Travel Vendor 17,,
TJ0573,2026-07-24,2026-07,Travel,133.97,Travel Vendor 28,,
TJ0574,2026-07-24,2026-07,Travel,156.75,Travel Vendor 03,,
TJ0575,2026-07-12,2026-07,Travel,160.62,Travel Vendor 09,,
TJ0576,2026-07-24,2026-07,Travel,158.72,Travel Vendor 18,,
TJ0577,2026-07-21,2026-07,Travel,132.47,Travel Vendor 31,,
TJ0578,2026-07-15,2026-07,Travel,147.04,Travel Vendor 16,,
TJ0579,2026-07-02,2026-07,Travel,153.24,Travel Vendor 00,,
TJ0580,2026-07-02,2026-07,Travel,61.91,Travel Vendor 39,,
TJ0581,2026-07-03,2026-07,Travel,110.56,Travel Vendor 19,,
TJ0582,2026-07-24,2026-07,Travel,138.02,Travel Vendor 31,,
TJ0583,2026-07-20,2026-07,Travel,67.77,Travel Vendor 23,,
TJ0584,2026-07-19,2026-07,Travel,154.61,Travel Vendor 30,,
TJ0585,2026-07-22,2026-07,Travel,81.64,Travel Vendor 07,,
TJ0586,2026-07-12,2026-07,Travel,184.01,Travel Vendor 10,,
TJ0587,2026-07-21,2026-07,Travel,164.24,Travel Vendor 30,,
TJ0588,2026-07-13,2026-07,Travel,161.15,Travel Vendor 28,,
TJ0589,2026-07-09,2026-07,Travel,162.0,Travel Vendor 36,,
TJ0590,2026-07-11,2026-07,Travel,98.01,Travel Vendor 03,,
TJ0591,2026-07-20,2026-07,Travel,186.61,Travel Vendor 38,,
TJ0592,2026-07-11,2026-07,Travel,173.04,Travel Vendor 00,,
TJ0593,2026-07-27,2026-07,Travel,79.65,Travel Vendor 19,,
TJ0594,2026-07-19,2026-07,Travel,115.71,Travel Vendor 15,,
TJ0595,2026-07-13,2026-07,Travel,110.36,Travel Vendor 24,,
TJ0596,2026-07-20,2026-07,Travel,160.29,Travel Vendor 14,,
TJ0597,2026-07-26,2026-07,Travel,118.67,Travel Vendor 00,,
TJ0598,2026-07-11,2026-07,Travel,94.2,Travel Vendor 27,,
TJ0599,2026-07-06,2026-07,Travel,136.26,Travel Vendor 02,,
TJ0600,2026-07-10,2026-07,Travel,168.32,Travel Vendor 36,,
TJ0601,2026-07-05,2026-07,Travel,95.6,Travel Vendor 35,,
TJ0602,2026-07-22,2026-07,Travel,161.02,Travel Vendor 31,,
TJ0603,2026-07-12,2026-07,Travel,129.49,Travel Vendor 34,,
TJ0604,2026-07-18,2026-07,Travel,123.02,Travel Vendor 24,,
TJ0605,2026-07-07,2026-07,Travel,162.4,Travel Vendor 14,,
TJ0606,2026-07-10,2026-07,Travel,138.9,Travel Vendor 25,,
TJ0607,2026-07-15,2026-07,Travel,152.08,Travel Vendor 16,,
TJ0608,2026-07-19,2026-07,Travel,157.65,Travel Vendor 24,,
TJ0609,2026-07-15,2026-07,Travel,130.27,Travel Vendor 34,,
TJ0610,2026-07-26,2026-07,Travel,106.16,Travel Vendor 04,,
TJ0611,2026-07-08,2026-07,Travel,111.76,Travel Vendor 33,,
TJ0612,2026-07-09,2026-07,Travel,175.06,Travel Vendor 33,,
TJ0613,2026-07-11,2026-07,Travel,121.96,Travel Vendor 37,,
TJ0614,2026-07-07,2026-07,Travel,84.59,Travel Vendor 12,,
TJ0615,2026-07-03,2026-07,Travel,83.49,Travel Vendor 18,,
TJ0616,2026-07-12,2026-07,Travel,135.12,Travel Vendor 22,,
TJ0617,2026-07-13,2026-07,Travel,161.35,Travel Vendor 09,,
TJ0618,2026-07-08,2026-07,Travel,65.8,Travel Vendor 31,,
TJ0619,2026-07-12,2026-07,Travel,172.63,Travel Vendor 23,,
TJ0620,2026-07-21,2026-07,Travel,120.25,Travel Vendor 05,,
TJ0621,2026-07-05,2026-07,Travel,101.05,Travel Vendor 01,,
TJ0622,2026-07-12,2026-07,Travel,96.47,Travel Vendor 38,,
TJ0623,2026-07-01,2026-07,Travel,72.23,Travel Vendor 13,,
TJ0624,2026-07-28,2026-07,Travel,172.59,Travel Vendor 31,,
TJ0625,2026-07-19,2026-07,Travel,133.73,Travel Vendor 16,,
TJ0626,2026-07-25,2026-07,Travel,96.38,Travel Vendor 06,,
TJ0627,2026-07-15,2026-07,Travel,159.74,Travel Vendor 38,,
TJ0628,2026-07-05,2026-07,Travel,93.02,Travel Vendor 02,,
TJ0629,2026-07-11,2026-07,Travel,86.13,Travel Vendor 11,,
TJ0630,2026-07-13,2026-07,Travel,70.88,Travel Vendor 03,,
TJ0631,2026-07-02,2026-07,Travel,132.46,Travel Vendor 29,,
TJ0632,2026-07-16,2026-07,Travel,183.14,Travel Vendor 04,,
TJ0633,2026-07-28,2026-07,Travel,137.75,Travel Vendor 25,,
TJ0634,2026-07-04,2026-07,Travel,151.83,Travel Vendor 05,,
TJ0635,2026-07-09,2026-07,Travel,101.43,Travel Vendor 14,,
TJ0636,2026-07-21,2026-07,Travel,71.67,Travel Vendor 32,,
TJ0637,2026-07-13,2026-07,Travel,83.75,Travel Vendor 10,,
TJ0638,2026-07-12,2026-07,Travel,185.55,Travel Vendor 14,,
TJ0639,2026-07-06,2026-07,Travel,65.02,Travel Vendor 16,,
TJ0640,2026-07-12,2026-07,Travel,67.71,Travel Vendor 35,,
TJ0641,2026-07-01,2026-07,Travel,168.84,Travel Vendor 03,,
TJ0642,2026-07-09,2026-07,Travel,162.23,Travel Vendor 30,,
TJ0643,2026-07-02,2026-07,Travel,73.14,Travel Vendor 20,,
TJ0644,2026-07-25,2026-07,Travel,60.75,Travel Vendor 12,,
TJ0645,2026-07-22,2026-07,Travel,157.27,Travel Vendor 37,,
TJ0646,2026-07-19,2026-07,Travel,117.37,Travel Vendor 06,,
TJ0647,2026-07-16,2026-07,Travel,102.11,Travel Vendor 16,,
TJ0648,2026-07-13,2026-07,Travel,76.14,Travel Vendor 30,,
TJ0649,2026-07-13,2026-07,Travel,81.92,Travel Vendor 15,,
TJ0650,2026-07-26,2026-07,Travel,78.61,Travel Vendor 00,,
TJ0651,2026-07-15,2026-07,Travel,153.24,Travel Vendor 12,,
TJ0652,2026-07-26,2026-07,Travel,64.68,Travel Vendor 14,,
TJ0653,2026-07-03,2026-07,Travel,181.42,Travel Vendor 23,,
TJ0654,2026-07-24,2026-07,Travel,78.17,Travel Vendor 28,,
TJ0655,2026-07-04,2026-07,Travel,180.37,Travel Vendor 24,,
TJ0656,2026-07-27,2026-07,Travel,62.83,Travel Vendor 04,,
TJ0657,2026-07-15,2026-07,Travel,186.4,Travel Vendor 20,,
TJ0658,2026-07-27,2026-07,Travel,90.4,Travel Vendor 07,,
TJ0659,2026-07-21,2026-07,Travel,107.58,Travel Vendor 21,,
TJ0660,2026-07-08,2026-07,Travel,155.69,Travel Vendor 11,,
TJ0661,2026-07-23,2026-07,Travel,118.68,Travel Vendor 09,,
TJ0662,2026-07-15,2026-07,Travel,173.19,Travel Vendor 17,,
TJ0663,2026-07-14,2026-07,Travel,113.53,Travel Vendor 09,,
TJ0664,2026-07-01,2026-07,Travel,95.24,Travel Vendor 18,,
TJ0665,2026-07-11,2026-07,Travel,164.54,Travel Vendor 16,,
TJ0666,2026-07-16,2026-07,Travel,74.2,Travel Vendor 29,,
TJ0667,2026-07-16,2026-07,Travel,74.84,Travel Vendor 32,,
TJ0668,2026-07-02,2026-07,Travel,142.03,Travel Vendor 13,,
TJ0669,2026-07-18,2026-07,Travel,122.07,Travel Vendor 18,,
TJ0670,2026-07-04,2026-07,Travel,93.51,Travel Vendor 12,,
TJ0671,2026-07-12,2026-07,Travel,116.17,Travel Vendor 16,,
TJ0672,2026-07-08,2026-07,Travel,180.26,Travel Vendor 06,,
TJ0673,2026-07-13,2026-07,Travel,97.63,Travel Vendor 10,,
TJ0674,2026-07-02,2026-07,Travel,168.2,Travel Vendor 18,,
TJ0675,2026-07-05,2026-07,Travel,187.22,Travel Vendor 01,,
TJ0676,2026-07-15,2026-07,Travel,164.91,Travel Vendor 21,,
TJ0677,2026-07-17,2026-07,Travel,78.22,Travel Vendor 00,,
TJ0678,2026-07-26,2026-07,Travel,168.19,Travel Vendor 33,,
TJ0679,2026-07-10,2026-07,Travel,84.16,Travel Vendor 27,,
TJ0680,2026-07-02,2026-07,Travel,178.56,Travel Vendor 13,,
TJ0681,2026-07-09,2026-07,Travel,134.27,Travel Vendor 08,,
TJ0682,2026-07-27,2026-07,Travel,83.42,Travel Vendor 14,,
TJ0683,2026-07-23,2026-07,Travel,82.83,Travel Vendor 38,,
TJ0684,2026-07-03,2026-07,Travel,167.77,Travel Vendor 38,,
TJ0685,2026-07-24,2026-07,Travel,124.41,Travel Vendor 17,,
TJ0686,2026-07-06,2026-07,Travel,86.78,Travel Vendor 39,,
TJ0687,2026-07-22,2026-07,Travel,152.01,Travel Vendor 12,,
TJ0688,2026-07-19,2026-07,Travel,100.05,Travel Vendor 00,,
TJ0689,2026-07-03,2026-07,Travel,149.99,Travel Vendor 33,,
TJ0690,2026-07-14,2026-07,Travel,169.34,Travel Vendor 03,,
TJ0691,2026-07-17,2026-07,Travel,165.38,Travel Vendor 21,,
TJ0692,2026-07-10,2026-07,Travel,169.45,Travel Vendor 31,,
TJ0693,2026-07-03,2026-07,Travel,62.01,Travel Vendor 30,,
TJ0694,2026-07-05,2026-07,Travel,173.36,Travel Vendor 17,,
TJ0695,2026-07-08,2026-07,Travel,84.19,Travel Vendor 23,,
TJ0696,2026-07-02,2026-07,Travel,81.25,Travel Vendor 23,,
TJ0697,2026-07-19,2026-07,Travel,137.34,Travel Vendor 00,,
TJ0698,2026-07-12,2026-07,Travel,127.58,Travel Vendor 28,,
TJ0699,2026-07-17,2026-07,Travel,69.27,Travel Vendor 22,,
TJ0700,2026-07-23,2026-07,Travel,91.81,Travel Vendor 20,,
TJ0701,2026-07-25,2026-07,Travel,152.45,Travel Vendor 24,,
TJ0702,2026-07-19,2026-07,Travel,157.67,Travel Vendor 03,,
TJ0703,2026-07-10,2026-07,Travel,173.46,Travel Vendor 31,,
TJ0704,2026-07-15,2026-07,Travel,126.73,Travel Vendor 33,,
TJ0705,2026-07-26,2026-07,Travel,129.85,Travel Vendor 01,,
TJ0706,2026-07-08,2026-07,Travel,185.77,Travel Vendor 14,,
TJ0707,2026-07-20,2026-07,Travel,83.71,Travel Vendor 06,,
TJ0708,2026-07-10,2026-07,Travel,92.56,Travel Vendor 01,,
TJ0709,2026-07-01,2026-07,Travel,72.54,Travel Vendor 12,,
TJ0710,2026-07-09,2026-07,Travel,62.3,Travel Vendor 38,,
TJ0711,2026-07-21,2026-07,Travel,134.94,Travel Vendor 33,,
TJ0712,2026-07-08,2026-07,Travel,151.34,Travel Vendor 06,,
TJ0713,2026-07-12,2026-07,Travel,173.04,Travel Vendor 11,,
TJ0714,2026-07-02,2026-07,Travel,95.49,Travel Vendor 29,,
TJ0715,2026-07-16,2026-07,Travel,136.17,Travel Vendor 17,,
TJ0716,2026-07-04,2026-07,Travel,75.86,Travel Vendor 25,,
TJ0717,2026-07-05,2026-07,Travel,130.41,Travel Vendor 14,,
TJ0718,2026-07-28,2026-07,Travel,89.51,Travel Vendor 36,,
TJ0719,2026-07-15,2026-07,Travel,157.06,Travel Vendor 10,,
TJ0720,2026-07-27,2026-07,Travel,62.41,Travel Vendor 24,,
TJ0721,2026-07-23,2026-07,Travel,114.66,Travel Vendor 38,,
TJ0722,2026-07-17,2026-07,Travel,64.71,Travel Vendor 03,,
TJ0723,2026-07-25,2026-07,Travel,107.22,Travel Vendor 25,,
TJ0724,2026-07-08,2026-07,Travel,169.01,Travel Vendor 27,,
TJ0725,2026-07-27,2026-07,Travel,187.56,Travel Vendor 20,,
TJ0726,2026-07-27,2026-07,Travel,112.08,Travel Vendor 35,,
TJ0727,2026-07-02,2026-07,Travel,102.23,Travel Vendor 09,,
TJ0728,2026-07-22,2026-07,Travel,181.46,Travel Vendor 15,,
TJ0729,2026-07-28,2026-07,Travel,114.88,Travel Vendor 00,,
TJ0730,2026-07-12,2026-07,Travel,74.17,Travel Vendor 11,,
TJ0731,2026-07-03,2026-07,Travel,102.17,Travel Vendor 12,,
TJ0732,2026-07-17,2026-07,Travel,146.99,Travel Vendor 14,,
TJ0733,2026-07-05,2026-07,Travel,114.69,Travel Vendor 25,,
TJ0734,2026-07-25,2026-07,Travel,189.68,Travel Vendor 29,,
TJ0735,2026-07-21,2026-07,Travel,66.08,Travel Vendor 02,,
TJ0736,2026-07-02,2026-07,Travel,172.53,Travel Vendor 39,,
TJ0737,2026-07-09,2026-07,Travel,179.33,Travel Vendor 39,,
TJ0738,2026-07-09,2026-07,Travel,141.67,Travel Vendor 02,,
TJ0739,2026-07-20,2026-07,Travel,73.07,Travel Vendor 07,,
TJ0740,2026-07-17,2026-07,Travel,61.78,Travel Vendor 15,,
TJ0741,2026-07-02,2026-07,Travel,97.38,Travel Vendor 19,,
TJ0742,2026-07-12,2026-07,Travel,144.18,Travel Vendor 07,,
TJ0743,2026-07-02,2026-07,Travel,137.26,Travel Vendor 32,,
TJ0744,2026-07-09,2026-07,Travel,70.98,Travel Vendor 37,,
TJ0745,2026-07-18,2026-07,Travel,181.15,Travel Vendor 28,,
TJ0746,2026-07-04,2026-07,Travel,126.51,Travel Vendor 18,,
TJ0747,2026-07-14,2026-07,Travel,135.05,Travel Vendor 17,,
TJ0748,2026-07-08,2026-07,Travel,155.67,Travel Vendor 34,,
TJ0749,2026-07-10,2026-07,Travel,169.17,Travel Vendor 39,,
TJ0750,2026-07-23,2026-07,Travel,134.12,Travel Vendor 24,,
TJ0751,2026-07-07,2026-07,Travel,131.31,Travel Vendor 23,,
TJ0752,2026-07-15,2026-07,Travel,175.94,Travel Vendor 19,,
TJ0753,2026-07-20,2026-07,Travel,122.12,Travel Vendor 19,,
TJ0754,2026-07-01,2026-07,Travel,91.49,Travel Vendor 14,,
TJ0755,2026-07-07,2026-07,Travel,126.62,Travel Vendor 24,,
TJ0756,2026-07-19,2026-07,Travel,111.54,Travel Vendor 22,,
TJ0757,2026-07-06,2026-07,Travel,172.04,Travel Vendor 15,,
TJ0758,2026-07-11,2026-07,Travel,132.36,Travel Vendor 31,,
TJ0759,2026-07-09,2026-07,Travel,97.03,Travel Vendor 13,,
TJ0760,2026-07-10,2026-07,Travel,67.4,Travel Vendor 01,,
TJ0761,2026-07-06,2026-07,Travel,131.65,Travel Vendor 38,,
TJ0762,2026-07-28,2026-07,Travel,105.24,Travel Vendor 03,,
TJ0763,2026-07-17,2026-07,Travel,110.43,Travel Vendor 28,,
TJ0764,2026-07-12,2026-07,Travel,155.6,Travel Vendor 06,,
TJ0765,2026-07-17,2026-07,Travel,89.27,Travel Vendor 09,,
TJ0766,2026-07-14,2026-07,Travel,103.81,Travel Vendor 22,,
TJ0767,2026-07-05,2026-07,Travel,147.79,Travel Vendor 39,,
TJ0768,2026-07-20,2026-07,Travel,170.5,Travel Vendor 33,,
TJ0769,2026-07-04,2026-07,Travel,156.04,Travel Vendor 30,,
TJ0770,2026-07-09,2026-07,Travel,162.04,Travel Vendor 08,,
TJ0771,2026-07-14,2026-07,Travel,173.21,Travel Vendor 00,,
TJ0772,2026-07-14,2026-07,Travel,159.54,Travel Vendor 37,,
TJ0773,2026-07-04,2026-07,Travel,124.72,Travel Vendor 36,,
TJ0774,2026-07-05,2026-07,Travel,114.33,Travel Vendor 17,,
TJ0775,2026-07-28,2026-07,Travel,140.78,Travel Vendor 07,,
TJ0776,2026-07-13,2026-07,Travel,170.72,Travel Vendor 29,,
TJ0777,2026-07-10,2026-07,Travel,154.0,Travel Vendor 18,,
TJ0778,2026-07-12,2026-07,Travel,110.79,Travel Vendor 35,,
TJ0779,2026-07-20,2026-07,Travel,109.99,Travel Vendor 20,,
TJ0780,2026-07-01,2026-07,Travel,162.32,Travel Vendor 31,,
TJ0781,2026-07-13,2026-07,Travel,117.72,Travel Vendor 11,,
TJ0782,2026-07-18,2026-07,Travel,99.52,Travel Vendor 09,,
TJ0783,2026-07-14,2026-07,Travel,134.81,Travel Vendor 37,,
TJ0784,2026-07-08,2026-07,Travel,71.43,Travel Vendor 21,,
TJ0785,2026-07-11,2026-07,Travel,185.96,Travel Vendor 38,,
TJ0786,2026-07-27,2026-07,Travel,91.54,Travel Vendor 20,,
TJ0787,2026-07-07,2026-07,Travel,186.38,Travel Vendor 00,,
TJ0788,2026-07-01,2026-07,Travel,66.17,Travel Vendor 36,,
TJ0789,2026-07-16,2026-07,Travel,98.98,Travel Vendor 34,,
TJ0790,2026-07-25,2026-07,Travel,100.61,Travel Vendor 39,,
TJ0791,2026-07-14,2026-07,Travel,127.27,Travel Vendor 33,,
TJ0792,2026-07-24,2026-07,Travel,149.08,Travel Vendor 24,,
TJ0793,2026-07-15,2026-07,Travel,106.5,Travel Vendor 38,,
TJ0794,2026-07-22,2026-07,Travel,105.64,Travel Vendor 00,,
TJ0795,2026-07-22,2026-07,Travel,68.87,Travel Vendor 14,,
TJ0796,2026-07-04,2026-07,Travel,113.24,Travel Vendor 32,,
TJ0797,2026-07-13,2026-07,Travel,144.31,Travel Vendor 36,,
TJ0798,2026-07-05,2026-07,Travel,174.38,Travel Vendor 26,,
TJ0799,2026-07-16,2026-07,Travel,112.21,Travel Vendor 39,,
TA0000,2026-08-19,2026-08,Travel,104.63,Travel Vendor 33,,
TA0001,2026-08-24,2026-08,Travel,166.07,Travel Vendor 10,,
TA0002,2026-08-12,2026-08,Travel,101.35,Travel Vendor 04,,
TA0003,2026-08-27,2026-08,Travel,100.38,Travel Vendor 11,,
TA0004,2026-08-04,2026-08,Travel,145.27,Travel Vendor 18,,
TA0005,2026-08-23,2026-08,Travel,104.64,Travel Vendor 32,,
TA0006,2026-08-14,2026-08,Travel,142.04,Travel Vendor 33,,
TA0007,2026-08-10,2026-08,Travel,166.1,Travel Vendor 13,,
TA0008,2026-08-17,2026-08,Travel,176.11,Travel Vendor 26,,
TA0009,2026-08-06,2026-08,Travel,67.82,Travel Vendor 36,,
TA0010,2026-08-20,2026-08,Travel,73.86,Travel Vendor 36,,
TA0011,2026-08-21,2026-08,Travel,142.75,Travel Vendor 02,,
TA0012,2026-08-23,2026-08,Travel,113.48,Travel Vendor 00,,
TA0013,2026-08-10,2026-08,Travel,152.38,Travel Vendor 35,,
TA0014,2026-08-01,2026-08,Travel,179.21,Travel Vendor 25,,
TA0015,2026-08-27,2026-08,Travel,72.8,Travel Vendor 00,,
TA0016,2026-08-22,2026-08,Travel,63.84,Travel Vendor 11,,
TA0017,2026-08-16,2026-08,Travel,159.97,Travel Vendor 36,,
TA0018,2026-08-09,2026-08,Travel,173.25,Travel Vendor 34,,
TA0019,2026-08-17,2026-08,Travel,189.62,Travel Vendor 36,,
TA0020,2026-08-07,2026-08,Travel,113.44,Travel Vendor 07,,
TA0021,2026-08-05,2026-08,Travel,80.38,Travel Vendor 32,,
TA0022,2026-08-04,2026-08,Travel,63.77,Travel Vendor 04,,
TA0023,2026-08-06,2026-08,Travel,183.22,Travel Vendor 31,,
TA0024,2026-08-27,2026-08,Travel,120.78,Travel Vendor 27,,
TA0025,2026-08-26,2026-08,Travel,164.04,Travel Vendor 00,,
TA0026,2026-08-22,2026-08,Travel,160.18,Travel Vendor 20,,
TA0027,2026-08-05,2026-08,Travel,153.01,Travel Vendor 22,,
TA0028,2026-08-09,2026-08,Travel,82.02,Travel Vendor 17,,
TA0029,2026-08-21,2026-08,Travel,72.93,Travel Vendor 37,,
TA0030,2026-08-03,2026-08,Travel,105.36,Travel Vendor 28,,
TA0031,2026-08-20,2026-08,Travel,110.14,Travel Vendor 03,,
TA0032,2026-08-08,2026-08,Travel,175.77,Travel Vendor 37,,
TA0033,2026-08-25,2026-08,Travel,184.75,Travel Vendor 28,,
TA0034,2026-08-02,2026-08,Travel,140.62,Travel Vendor 15,,
TA0035,2026-08-08,2026-08,Travel,65.72,Travel Vendor 37,,
TA0036,2026-08-28,2026-08,Travel,82.56,Travel Vendor 00,,
TA0037,2026-08-28,2026-08,Travel,166.07,Travel Vendor 19,,
TA0038,2026-08-14,2026-08,Travel,138.33,Travel Vendor 31,,
TA0039,2026-08-03,2026-08,Travel,91.58,Travel Vendor 24,,
TA0040,2026-08-22,2026-08,Travel,153.4,Travel Vendor 14,,
TA0041,2026-08-14,2026-08,Travel,100.19,Travel Vendor 31,,
TA0042,2026-08-01,2026-08,Travel,163.06,Travel Vendor 15,,
TA0043,2026-08-03,2026-08,Travel,82.55,Travel Vendor 22,,
TA0044,2026-08-13,2026-08,Travel,84.25,Travel Vendor 18,,
TA0045,2026-08-13,2026-08,Travel,133.0,Travel Vendor 07,,
TA0046,2026-08-11,2026-08,Travel,129.39,Travel Vendor 24,,
TA0047,2026-08-11,2026-08,Travel,112.42,Travel Vendor 04,,
TA0048,2026-08-04,2026-08,Travel,114.9,Travel Vendor 22,,
TA0049,2026-08-18,2026-08,Travel,91.84,Travel Vendor 12,,
TA0050,2026-08-15,2026-08,Travel,96.87,Travel Vendor 15,,
TA0051,2026-08-14,2026-08,Travel,64.54,Travel Vendor 01,,
TA0052,2026-08-11,2026-08,Travel,164.63,Travel Vendor 15,,
TA0053,2026-08-23,2026-08,Travel,76.88,Travel Vendor 12,,
TA0054,2026-08-09,2026-08,Travel,130.83,Travel Vendor 08,,
TA0055,2026-08-18,2026-08,Travel,117.63,Travel Vendor 15,,
TA0056,2026-08-06,2026-08,Travel,107.83,Travel Vendor 13,,
TA0057,2026-08-24,2026-08,Travel,112.67,Travel Vendor 37,,
TA0058,2026-08-07,2026-08,Travel,98.64,Travel Vendor 30,,
TA0059,2026-08-17,2026-08,Travel,86.58,Travel Vendor 28,,
TA0060,2026-08-22,2026-08,Travel,77.02,Travel Vendor 16,,
TA0061,2026-08-20,2026-08,Travel,176.95,Travel Vendor 37,,
TA0062,2026-08-12,2026-08,Travel,129.51,Travel Vendor 25,,
TA0063,2026-08-20,2026-08,Travel,126.33,Travel Vendor 08,,
TA0064,2026-08-28,2026-08,Travel,157.59,Travel Vendor 32,,
TA0065,2026-08-03,2026-08,Travel,130.54,Travel Vendor 17,,
TA0066,2026-08-24,2026-08,Travel,160.33,Travel Vendor 24,,
TA0067,2026-08-01,2026-08,Travel,145.48,Travel Vendor 36,,
TA0068,2026-08-05,2026-08,Travel,100.4,Travel Vendor 24,,
TA0069,2026-08-23,2026-08,Travel,71.18,Travel Vendor 11,,
TA0070,2026-08-25,2026-08,Travel,170.63,Travel Vendor 20,,
TA0071,2026-08-07,2026-08,Travel,146.16,Travel Vendor 06,,
TA0072,2026-08-03,2026-08,Travel,133.06,Travel Vendor 23,,
TA0073,2026-08-26,2026-08,Travel,125.05,Travel Vendor 19,,
TA0074,2026-08-07,2026-08,Travel,68.57,Travel Vendor 19,,
TA0075,2026-08-03,2026-08,Travel,89.44,Travel Vendor 08,,
TA0076,2026-08-27,2026-08,Travel,153.17,Travel Vendor 18,,
TA0077,2026-08-12,2026-08,Travel,112.44,Travel Vendor 29,,
TA0078,2026-08-25,2026-08,Travel,141.64,Travel Vendor 08,,
TA0079,2026-08-09,2026-08,Travel,82.93,Travel Vendor 23,,
TA0080,2026-08-22,2026-08,Travel,163.92,Travel Vendor 22,,
TA0081,2026-08-14,2026-08,Travel,63.28,Travel Vendor 29,,
TA0082,2026-08-08,2026-08,Travel,189.99,Travel Vendor 25,,
TA0083,2026-08-12,2026-08,Travel,177.79,Travel Vendor 06,,
TA0084,2026-08-06,2026-08,Travel,97.89,Travel Vendor 17,,
TA0085,2026-08-20,2026-08,Travel,155.43,Travel Vendor 02,,
TA0086,2026-08-13,2026-08,Travel,65.2,Travel Vendor 10,,
TA0087,2026-08-14,2026-08,Travel,85.75,Travel Vendor 19,,
TA0088,2026-08-05,2026-08,Travel,109.5,Travel Vendor 02,,
TA0089,2026-08-18,2026-08,Travel,100.42,Travel Vendor 11,,
TA0090,2026-08-19,2026-08,Travel,169.13,Travel Vendor 36,,
TA0091,2026-08-16,2026-08,Travel,153.16,Travel Vendor 16,,
TA0092,2026-08-14,2026-08,Travel,147.12,Travel Vendor 36,,
TA0093,2026-08-12,2026-08,Travel,181.64,Travel Vendor 07,,
TA0094,2026-08-27,2026-08,Travel,159.28,Travel Vendor 18,,
TA0095,2026-08-02,2026-08,Travel,173.76,Travel Vendor 37,,
TA0096,2026-08-20,2026-08,Travel,150.48,Travel Vendor 15,,
TA0097,2026-08-22,2026-08,Travel,74.45,Travel Vendor 20,,
TA0098,2026-08-07,2026-08,Travel,161.03,Travel Vendor 22,,
TA0099,2026-08-24,2026-08,Travel,178.77,Travel Vendor 26,,
TA0100,2026-08-23,2026-08,Travel,156.71,Travel Vendor 39,,
TA0101,2026-08-27,2026-08,Travel,88.7,Travel Vendor 33,,
TA0102,2026-08-03,2026-08,Travel,105.37,Travel Vendor 27,,
TA0103,2026-08-15,2026-08,Travel,180.93,Travel Vendor 32,,
TA0104,2026-08-24,2026-08,Travel,149.49,Travel Vendor 28,,
TA0105,2026-08-17,2026-08,Travel,67.06,Travel Vendor 13,,
TA0106,2026-08-14,2026-08,Travel,147.51,Travel Vendor 08,,
TA0107,2026-08-16,2026-08,Travel,159.05,Travel Vendor 02,,
TA0108,2026-08-23,2026-08,Travel,167.27,Travel Vendor 35,,
TA0109,2026-08-09,2026-08,Travel,82.69,Travel Vendor 10,,
TA0110,2026-08-25,2026-08,Travel,142.88,Travel Vendor 34,,
TA0111,2026-08-09,2026-08,Travel,92.46,Travel Vendor 03,,
TA0112,2026-08-06,2026-08,Travel,106.52,Travel Vendor 26,,
TA0113,2026-08-03,2026-08,Travel,86.18,Travel Vendor 19,,
TA0114,2026-08-05,2026-08,Travel,77.75,Travel Vendor 31,,
TA0115,2026-08-22,2026-08,Travel,122.76,Travel Vendor 15,,
TA0116,2026-08-01,2026-08,Travel,127.0,Travel Vendor 28,,
TA0117,2026-08-05,2026-08,Travel,181.66,Travel Vendor 22,,
TA0118,2026-08-23,2026-08,Travel,98.92,Travel Vendor 09,,
TA0119,2026-08-19,2026-08,Travel,133.22,Travel Vendor 21,,
TA0120,2026-08-21,2026-08,Travel,166.0,Travel Vendor 35,,
TA0121,2026-08-14,2026-08,Travel,158.87,Travel Vendor 10,,
TA0122,2026-08-22,2026-08,Travel,146.65,Travel Vendor 38,,
TA0123,2026-08-15,2026-08,Travel,169.13,Travel Vendor 25,,
TA0124,2026-08-27,2026-08,Travel,86.82,Travel Vendor 18,,
TA0125,2026-08-01,2026-08,Travel,106.86,Travel Vendor 13,,
TA0126,2026-08-02,2026-08,Travel,67.84,Travel Vendor 17,,
TA0127,2026-08-10,2026-08,Travel,85.62,Travel Vendor 19,,
TA0128,2026-08-15,2026-08,Travel,185.18,Travel Vendor 10,,
TA0129,2026-08-11,2026-08,Travel,117.86,Travel Vendor 36,,
TA0130,2026-08-12,2026-08,Travel,97.64,Travel Vendor 35,,
TA0131,2026-08-03,2026-08,Travel,65.93,Travel Vendor 29,,
TA0132,2026-08-25,2026-08,Travel,123.12,Travel Vendor 21,,
TA0133,2026-08-24,2026-08,Travel,133.27,Travel Vendor 06,,
TA0134,2026-08-21,2026-08,Travel,123.55,Travel Vendor 27,,
TA0135,2026-08-16,2026-08,Travel,84.68,Travel Vendor 34,,
TA0136,2026-08-11,2026-08,Travel,61.08,Travel Vendor 05,,
TA0137,2026-08-21,2026-08,Travel,97.18,Travel Vendor 39,,
TA0138,2026-08-24,2026-08,Travel,144.84,Travel Vendor 16,,
TA0139,2026-08-21,2026-08,Travel,91.98,Travel Vendor 08,,
TA0140,2026-08-24,2026-08,Travel,63.6,Travel Vendor 25,,
TA0141,2026-08-27,2026-08,Travel,78.87,Travel Vendor 23,,
TA0142,2026-08-06,2026-08,Travel,185.06,Travel Vendor 33,,
TA0143,2026-08-28,2026-08,Travel,176.43,Travel Vendor 10,,
TA0144,2026-08-04,2026-08,Travel,162.0,Travel Vendor 19,,
TA0145,2026-08-24,2026-08,Travel,140.18,Travel Vendor 24,,
TA0146,2026-08-06,2026-08,Travel,144.15,Travel Vendor 22,,
TA0147,2026-08-11,2026-08,Travel,89.93,Travel Vendor 08,,
TA0148,2026-08-18,2026-08,Travel,179.56,Travel Vendor 16,,
TA0149,2026-08-08,2026-08,Travel,67.5,Travel Vendor 06,,
TA0150,2026-08-19,2026-08,Travel,164.36,Travel Vendor 25,,
TA0151,2026-08-02,2026-08,Travel,182.84,Travel Vendor 31,,
TA0152,2026-08-14,2026-08,Travel,124.94,Travel Vendor 10,,
TA0153,2026-08-10,2026-08,Travel,138.34,Travel Vendor 05,,
TA0154,2026-08-05,2026-08,Travel,149.44,Travel Vendor 10,,
TA0155,2026-08-05,2026-08,Travel,117.61,Travel Vendor 25,,
TA0156,2026-08-03,2026-08,Travel,187.27,Travel Vendor 28,,
TA0157,2026-08-16,2026-08,Travel,84.81,Travel Vendor 23,,
TA0158,2026-08-01,2026-08,Travel,64.16,Travel Vendor 39,,
TA0159,2026-08-28,2026-08,Travel,168.36,Travel Vendor 32,,
TA0160,2026-08-14,2026-08,Travel,78.61,Travel Vendor 04,,
TA0161,2026-08-22,2026-08,Travel,67.19,Travel Vendor 26,,
TA0162,2026-08-11,2026-08,Travel,68.15,Travel Vendor 00,,
TA0163,2026-08-22,2026-08,Travel,184.28,Travel Vendor 11,,
TA0164,2026-08-24,2026-08,Travel,81.38,Travel Vendor 18,,
TA0165,2026-08-01,2026-08,Travel,117.61,Travel Vendor 36,,
TA0166,2026-08-22,2026-08,Travel,105.25,Travel Vendor 12,,
TA0167,2026-08-16,2026-08,Travel,71.06,Travel Vendor 20,,
TA0168,2026-08-17,2026-08,Travel,119.86,Travel Vendor 34,,
TA0169,2026-08-21,2026-08,Travel,172.5,Travel Vendor 25,,
TA0170,2026-08-20,2026-08,Travel,140.58,Travel Vendor 03,,
TA0171,2026-08-24,2026-08,Travel,147.94,Travel Vendor 38,,
TA0172,2026-08-22,2026-08,Travel,98.62,Travel Vendor 36,,
TA0173,2026-08-14,2026-08,Travel,183.87,Travel Vendor 30,,
TA0174,2026-08-22,2026-08,Travel,144.16,Travel Vendor 19,,
TA0175,2026-08-28,2026-08,Travel,104.64,Travel Vendor 01,,
TA0176,2026-08-28,2026-08,Travel,84.55,Travel Vendor 28,,
TA0177,2026-08-23,2026-08,Travel,71.08,Travel Vendor 37,,
TA0178,2026-08-12,2026-08,Travel,132.13,Travel Vendor 26,,
TA0179,2026-08-12,2026-08,Travel,128.9,Travel Vendor 36,,
TA0180,2026-08-15,2026-08,Travel,111.52,Travel Vendor 07,,
TA0181,2026-08-08,2026-08,Travel,83.47,Travel Vendor 12,,
TA0182,2026-08-18,2026-08,Travel,157.48,Travel Vendor 14,,
TA0183,2026-08-28,2026-08,Travel,168.85,Travel Vendor 06,,
TA0184,2026-08-07,2026-08,Travel,129.0,Travel Vendor 16,,
TA0185,2026-08-23,2026-08,Travel,123.61,Travel Vendor 35,,
TA0186,2026-08-15,2026-08,Travel,89.45,Travel Vendor 36,,
TA0187,2026-08-23,2026-08,Travel,74.69,Travel Vendor 32,,
TA0188,2026-08-19,2026-08,Travel,133.69,Travel Vendor 26,,
TA0189,2026-08-22,2026-08,Travel,69.55,Travel Vendor 28,,
TA0190,2026-08-05,2026-08,Travel,172.25,Travel Vendor 35,,
TA0191,2026-08-17,2026-08,Travel,152.9,Travel Vendor 07,,
TA0192,2026-08-21,2026-08,Travel,188.79,Travel Vendor 32,,
TA0193,2026-08-04,2026-08,Travel,119.8,Travel Vendor 25,,
TA0194,2026-08-18,2026-08,Travel,82.26,Travel Vendor 12,,
TA0195,2026-08-19,2026-08,Travel,121.76,Travel Vendor 05,,
TA0196,2026-08-05,2026-08,Travel,108.54,Travel Vendor 39,,
TA0197,2026-08-02,2026-08,Travel,112.57,Travel Vendor 03,,
TA0198,2026-08-12,2026-08,Travel,65.43,Travel Vendor 38,,
TA0199,2026-08-07,2026-08,Travel,119.76,Travel Vendor 07,,
TA0200,2026-08-23,2026-08,Travel,77.63,Travel Vendor 05,,
TA0201,2026-08-20,2026-08,Travel,188.52,Travel Vendor 12,,
TA0202,2026-08-19,2026-08,Travel,74.91,Travel Vendor 22,,
TA0203,2026-08-06,2026-08,Travel,107.71,Travel Vendor 21,,
TA0204,2026-08-26,2026-08,Travel,159.27,Travel Vendor 00,,
TA0205,2026-08-27,2026-08,Travel,93.23,Travel Vendor 15,,
TA0206,2026-08-12,2026-08,Travel,126.71,Travel Vendor 33,,
TA0207,2026-08-12,2026-08,Travel,153.83,Travel Vendor 02,,
TA0208,2026-08-27,2026-08,Travel,138.49,Travel Vendor 06,,
TA0209,2026-08-12,2026-08,Travel,131.35,Travel Vendor 38,,
TA0210,2026-08-04,2026-08,Travel,64.44,Travel Vendor 15,,
TA0211,2026-08-09,2026-08,Travel,106.07,Travel Vendor 28,,
TA0212,2026-08-01,2026-08,Travel,168.96,Travel Vendor 37,,
TA0213,2026-08-15,2026-08,Travel,74.76,Travel Vendor 01,,
TA0214,2026-08-16,2026-08,Travel,74.35,Travel Vendor 16,,
TA0215,2026-08-06,2026-08,Travel,79.53,Travel Vendor 18,,
TA0216,2026-08-28,2026-08,Travel,149.33,Travel Vendor 24,,
TA0217,2026-08-27,2026-08,Travel,78.75,Travel Vendor 16,,
TA0218,2026-08-18,2026-08,Travel,189.64,Travel Vendor 17,,
TA0219,2026-08-15,2026-08,Travel,61.79,Travel Vendor 21,,
TA0220,2026-08-05,2026-08,Travel,123.33,Travel Vendor 30,,
TA0221,2026-08-28,2026-08,Travel,64.11,Travel Vendor 02,,
TA0222,2026-08-03,2026-08,Travel,83.7,Travel Vendor 38,,
TA0223,2026-08-13,2026-08,Travel,169.58,Travel Vendor 10,,
TA0224,2026-08-23,2026-08,Travel,169.86,Travel Vendor 25,,
TA0225,2026-08-08,2026-08,Travel,173.49,Travel Vendor 39,,
TA0226,2026-08-17,2026-08,Travel,69.86,Travel Vendor 21,,
TA0227,2026-08-17,2026-08,Travel,88.12,Travel Vendor 08,,
TA0228,2026-08-19,2026-08,Travel,141.2,Travel Vendor 13,,
TA0229,2026-08-06,2026-08,Travel,166.49,Travel Vendor 29,,
TA0230,2026-08-11,2026-08,Travel,135.02,Travel Vendor 24,,
TA0231,2026-08-12,2026-08,Travel,100.87,Travel Vendor 21,,
TA0232,2026-08-19,2026-08,Travel,122.85,Travel Vendor 14,,
TA0233,2026-08-01,2026-08,Travel,92.34,Travel Vendor 38,,
TA0234,2026-08-02,2026-08,Travel,142.01,Travel Vendor 09,,
TA0235,2026-08-09,2026-08,Travel,109.98,Travel Vendor 04,,
TA0236,2026-08-17,2026-08,Travel,188.88,Travel Vendor 22,,
TA0237,2026-08-19,2026-08,Travel,134.56,Travel Vendor 37,,
TA0238,2026-08-05,2026-08,Travel,188.98,Travel Vendor 02,,
TA0239,2026-08-18,2026-08,Travel,177.34,Travel Vendor 06,,
TA0240,2026-08-28,2026-08,Travel,85.9,Travel Vendor 27,,
TA0241,2026-08-21,2026-08,Travel,134.33,Travel Vendor 06,,
TA0242,2026-08-12,2026-08,Travel,162.95,Travel Vendor 15,,
TA0243,2026-08-28,2026-08,Travel,163.57,Travel Vendor 09,,
TA0244,2026-08-22,2026-08,Travel,69.36,Travel Vendor 21,,
TA0245,2026-08-24,2026-08,Travel,107.14,Travel Vendor 15,,
TA0246,2026-08-12,2026-08,Travel,173.47,Travel Vendor 25,,
TA0247,2026-08-11,2026-08,Travel,67.86,Travel Vendor 21,,
TA0248,2026-08-22,2026-08,Travel,102.02,Travel Vendor 30,,
TA0249,2026-08-17,2026-08,Travel,107.75,Travel Vendor 15,,
TA0250,2026-08-26,2026-08,Travel,90.53,Travel Vendor 22,,
TA0251,2026-08-05,2026-08,Travel,77.63,Travel Vendor 00,,
TA0252,2026-08-28,2026-08,Travel,147.28,Travel Vendor 25,,
TA0253,2026-08-15,2026-08,Travel,111.49,Travel Vendor 19,,
TA0254,2026-08-06,2026-08,Travel,136.28,Travel Vendor 09,,
TA0255,2026-08-10,2026-08,Travel,153.58,Travel Vendor 16,,
TA0256,2026-08-24,2026-08,Travel,134.35,Travel Vendor 21,,
TA0257,2026-08-03,2026-08,Travel,179.76,Travel Vendor 37,,
TA0258,2026-08-03,2026-08,Travel,136.04,Travel Vendor 19,,
TA0259,2026-08-19,2026-08,Travel,105.95,Travel Vendor 29,,
TA0260,2026-08-12,2026-08,Travel,186.17,Travel Vendor 27,,
TA0261,2026-08-24,2026-08,Travel,172.88,Travel Vendor 04,,
TA0262,2026-08-27,2026-08,Travel,122.99,Travel Vendor 11,,
TA0263,2026-08-09,2026-08,Travel,176.71,Travel Vendor 34,,
TA0264,2026-08-01,2026-08,Travel,158.6,Travel Vendor 17,,
TA0265,2026-08-08,2026-08,Travel,151.57,Travel Vendor 13,,
TA0266,2026-08-02,2026-08,Travel,111.94,Travel Vendor 12,,
TA0267,2026-08-20,2026-08,Travel,96.74,Travel Vendor 32,,
TA0268,2026-08-21,2026-08,Travel,72.94,Travel Vendor 15,,
TA0269,2026-08-24,2026-08,Travel,67.38,Travel Vendor 08,,
TA0270,2026-08-20,2026-08,Travel,66.32,Travel Vendor 04,,
TA0271,2026-08-26,2026-08,Travel,166.13,Travel Vendor 36,,
TA0272,2026-08-11,2026-08,Travel,153.47,Travel Vendor 00,,
TA0273,2026-08-07,2026-08,Travel,95.18,Travel Vendor 00,,
TA0274,2026-08-21,2026-08,Travel,101.98,Travel Vendor 01,,
TA0275,2026-08-07,2026-08,Travel,101.8,Travel Vendor 01,,
TA0276,2026-08-21,2026-08,Travel,123.22,Travel Vendor 39,,
TA0277,2026-08-22,2026-08,Travel,164.05,Travel Vendor 11,,
TA0278,2026-08-02,2026-08,Travel,172.23,Travel Vendor 02,,
TA0279,2026-08-03,2026-08,Travel,141.42,Travel Vendor 21,,
TA0280,2026-08-25,2026-08,Travel,124.27,Travel Vendor 38,,
TA0281,2026-08-13,2026-08,Travel,93.41,Travel Vendor 29,,
TA0282,2026-08-28,2026-08,Travel,61.77,Travel Vendor 20,,
TA0283,2026-08-19,2026-08,Travel,145.03,Travel Vendor 20,,
TA0284,2026-08-02,2026-08,Travel,113.97,Travel Vendor 21,,
TA0285,2026-08-06,2026-08,Travel,72.15,Travel Vendor 09,,
TA0286,2026-08-07,2026-08,Travel,78.55,Travel Vendor 05,,
TA0287,2026-08-12,2026-08,Travel,165.82,Travel Vendor 27,,
TA0288,2026-08-12,2026-08,Travel,130.03,Travel Vendor 37,,
TA0289,2026-08-28,2026-08,Travel,132.15,Travel Vendor 38,,
TA0290,2026-08-19,2026-08,Travel,103.01,Travel Vendor 39,,
TA0291,2026-08-09,2026-08,Travel,165.75,Travel Vendor 30,,
TA0292,2026-08-25,2026-08,Travel,64.11,Travel Vendor 19,,
TA0293,2026-08-21,2026-08,Travel,160.44,Travel Vendor 29,,
TA0294,2026-08-18,2026-08,Travel,96.17,Travel Vendor 33,,
TA0295,2026-08-17,2026-08,Travel,182.32,Travel Vendor 08,,
TA0296,2026-08-09,2026-08,Travel,61.18,Travel Vendor 30,,
TA0297,2026-08-04,2026-08,Travel,145.2,Travel Vendor 23,,
TA0298,2026-08-05,2026-08,Travel,188.64,Travel Vendor 14,,
TA0299,2026-08-13,2026-08,Travel,158.36,Travel Vendor 05,,
TA0300,2026-08-01,2026-08,Travel,141.2,Travel Vendor 07,,
TA0301,2026-08-02,2026-08,Travel,130.63,Travel Vendor 13,,
TA0302,2026-08-18,2026-08,Travel,161.06,Travel Vendor 16,,
TA0303,2026-08-20,2026-08,Travel,107.53,Travel Vendor 09,,
TA0304,2026-08-06,2026-08,Travel,173.21,Travel Vendor 10,,
TA0305,2026-08-17,2026-08,Travel,63.78,Travel Vendor 15,,
TA0306,2026-08-15,2026-08,Travel,187.7,Travel Vendor 31,,
TA0307,2026-08-07,2026-08,Travel,142.7,Travel Vendor 22,,
TA0308,2026-08-26,2026-08,Travel,110.57,Travel Vendor 13,,
TA0309,2026-08-11,2026-08,Travel,162.68,Travel Vendor 01,,
TA0310,2026-08-04,2026-08,Travel,145.8,Travel Vendor 00,,
TA0311,2026-08-03,2026-08,Travel,164.88,Travel Vendor 25,,
TA0312,2026-08-22,2026-08,Travel,172.33,Travel Vendor 03,,
TA0313,2026-08-08,2026-08,Travel,133.35,Travel Vendor 26,,
TA0314,2026-08-13,2026-08,Travel,182.84,Travel Vendor 14,,
TA0315,2026-08-01,2026-08,Travel,92.75,Travel Vendor 16,,
TA0316,2026-08-23,2026-08,Travel,116.39,Travel Vendor 14,,
TA0317,2026-08-12,2026-08,Travel,86.42,Travel Vendor 27,,
TA0318,2026-08-21,2026-08,Travel,96.23,Travel Vendor 31,,
TA0319,2026-08-07,2026-08,Travel,187.57,Travel Vendor 10,,
TA0320,2026-08-16,2026-08,Travel,172.2,Travel Vendor 17,,
TA0321,2026-08-25,2026-08,Travel,77.75,Travel Vendor 19,,
TA0322,2026-08-10,2026-08,Travel,71.5,Travel Vendor 00,,
TA0323,2026-08-16,2026-08,Travel,173.37,Travel Vendor 15,,
TA0324,2026-08-06,2026-08,Travel,101.57,Travel Vendor 39,,
TA0325,2026-08-20,2026-08,Travel,184.39,Travel Vendor 13,,
TA0326,2026-08-19,2026-08,Travel,66.78,Travel Vendor 13,,
TA0327,2026-08-28,2026-08,Travel,174.86,Travel Vendor 23,,
TA0328,2026-08-02,2026-08,Travel,161.38,Travel Vendor 28,,
TA0329,2026-08-06,2026-08,Travel,116.53,Travel Vendor 08,,
TA0330,2026-08-10,2026-08,Travel,149.07,Travel Vendor 07,,
TA0331,2026-08-05,2026-08,Travel,186.66,Travel Vendor 00,,
TA0332,2026-08-05,2026-08,Travel,178.51,Travel Vendor 09,,
TA0333,2026-08-17,2026-08,Travel,155.68,Travel Vendor 06,,
TA0334,2026-08-25,2026-08,Travel,81.94,Travel Vendor 25,,
TA0335,2026-08-03,2026-08,Travel,113.85,Travel Vendor 25,,
TA0336,2026-08-11,2026-08,Travel,187.35,Travel Vendor 02,,
TA0337,2026-08-19,2026-08,Travel,90.5,Travel Vendor 00,,
TA0338,2026-08-02,2026-08,Travel,77.53,Travel Vendor 38,,
TA0339,2026-08-08,2026-08,Travel,134.73,Travel Vendor 06,,
TA0340,2026-08-24,2026-08,Travel,62.59,Travel Vendor 20,,
TA0341,2026-08-03,2026-08,Travel,174.21,Travel Vendor 07,,
TA0342,2026-08-16,2026-08,Travel,186.18,Travel Vendor 33,,
TA0343,2026-08-14,2026-08,Travel,60.33,Travel Vendor 14,,
TA0344,2026-08-22,2026-08,Travel,130.26,Travel Vendor 34,,
TA0345,2026-08-17,2026-08,Travel,189.14,Travel Vendor 33,,
TA0346,2026-08-12,2026-08,Travel,169.14,Travel Vendor 04,,
TA0347,2026-08-12,2026-08,Travel,186.16,Travel Vendor 14,,
TA0348,2026-08-24,2026-08,Travel,69.41,Travel Vendor 11,,
TA0349,2026-08-01,2026-08,Travel,94.4,Travel Vendor 04,,
TA0350,2026-08-02,2026-08,Travel,85.54,Travel Vendor 03,,
TA0351,2026-08-14,2026-08,Travel,162.64,Travel Vendor 23,,
TA0352,2026-08-09,2026-08,Travel,61.38,Travel Vendor 02,,
TA0353,2026-08-21,2026-08,Travel,118.99,Travel Vendor 18,,
TA0354,2026-08-18,2026-08,Travel,103.0,Travel Vendor 26,,
TA0355,2026-08-28,2026-08,Travel,156.89,Travel Vendor 17,,
TA0356,2026-08-13,2026-08,Travel,114.86,Travel Vendor 34,,
TA0357,2026-08-14,2026-08,Travel,109.79,Travel Vendor 09,,
TA0358,2026-08-13,2026-08,Travel,158.92,Travel Vendor 26,,
TA0359,2026-08-26,2026-08,Travel,78.6,Travel Vendor 00,,
TA0360,2026-08-08,2026-08,Travel,139.02,Travel Vendor 16,,
TA0361,2026-08-23,2026-08,Travel,139.42,Travel Vendor 24,,
TA0362,2026-08-08,2026-08,Travel,167.32,Travel Vendor 07,,
TA0363,2026-08-03,2026-08,Travel,169.6,Travel Vendor 02,,
TA0364,2026-08-23,2026-08,Travel,66.44,Travel Vendor 35,,
TA0365,2026-08-11,2026-08,Travel,149.03,Travel Vendor 28,,
TA0366,2026-08-18,2026-08,Travel,146.84,Travel Vendor 29,,
TA0367,2026-08-19,2026-08,Travel,60.12,Travel Vendor 30,,
TA0368,2026-08-17,2026-08,Travel,104.51,Travel Vendor 34,,
TA0369,2026-08-13,2026-08,Travel,90.48,Travel Vendor 24,,
TA0370,2026-08-12,2026-08,Travel,152.58,Travel Vendor 25,,
TA0371,2026-08-17,2026-08,Travel,94.63,Travel Vendor 20,,
TA0372,2026-08-03,2026-08,Travel,141.76,Travel Vendor 34,,
TA0373,2026-08-22,2026-08,Travel,89.02,Travel Vendor 39,,
TA0374,2026-08-25,2026-08,Travel,94.44,Travel Vendor 30,,
TA0375,2026-08-28,2026-08,Travel,153.8,Travel Vendor 33,,
TA0376,2026-08-19,2026-08,Travel,121.96,Travel Vendor 14,,
TA0377,2026-08-05,2026-08,Travel,68.56,Travel Vendor 33,,
TA0378,2026-08-12,2026-08,Travel,128.11,Travel Vendor 33,,
TA0379,2026-08-06,2026-08,Travel,165.74,Travel Vendor 15,,
TA0380,2026-08-22,2026-08,Travel,82.41,Travel Vendor 29,,
TA0381,2026-08-06,2026-08,Travel,143.27,Travel Vendor 02,,
TA0382,2026-08-11,2026-08,Travel,109.56,Travel Vendor 27,,
TA0383,2026-08-04,2026-08,Travel,113.3,Travel Vendor 16,,
TA0384,2026-08-13,2026-08,Travel,73.36,Travel Vendor 22,,
TA0385,2026-08-22,2026-08,Travel,164.42,Travel Vendor 33,,
TA0386,2026-08-10,2026-08,Travel,118.86,Travel Vendor 05,,
TA0387,2026-08-09,2026-08,Travel,111.42,Travel Vendor 28,,
TA0388,2026-08-23,2026-08,Travel,74.53,Travel Vendor 30,,
TA0389,2026-08-24,2026-08,Travel,163.78,Travel Vendor 33,,
TA0390,2026-08-05,2026-08,Travel,60.77,Travel Vendor 08,,
TA0391,2026-08-12,2026-08,Travel,123.54,Travel Vendor 15,,
TA0392,2026-08-20,2026-08,Travel,108.2,Travel Vendor 21,,
TA0393,2026-08-26,2026-08,Travel,109.55,Travel Vendor 01,,
TA0394,2026-08-18,2026-08,Travel,86.11,Travel Vendor 36,,
TA0395,2026-08-09,2026-08,Travel,67.51,Travel Vendor 11,,
TA0396,2026-08-10,2026-08,Travel,153.36,Travel Vendor 17,,
TA0397,2026-08-11,2026-08,Travel,93.23,Travel Vendor 16,,
TA0398,2026-08-27,2026-08,Travel,116.95,Travel Vendor 33,,
TA0399,2026-08-21,2026-08,Travel,124.14,Travel Vendor 05,,
TA0400,2026-08-07,2026-08,Travel,76.68,Travel Vendor 18,,
TA0401,2026-08-20,2026-08,Travel,161.54,Travel Vendor 02,,
TA0402,2026-08-23,2026-08,Travel,117.53,Travel Vendor 23,,
TA0403,2026-08-02,2026-08,Travel,152.63,Travel Vendor 18,,
TA0404,2026-08-14,2026-08,Travel,116.03,Travel Vendor 38,,
TA0405,2026-08-26,2026-08,Travel,93.38,Travel Vendor 15,,
TA0406,2026-08-13,2026-08,Travel,170.46,Travel Vendor 08,,
TA0407,2026-08-20,2026-08,Travel,84.91,Travel Vendor 37,,
TA0408,2026-08-12,2026-08,Travel,68.24,Travel Vendor 13,,
TA0409,2026-08-11,2026-08,Travel,171.82,Travel Vendor 05,,
TA0410,2026-08-25,2026-08,Travel,117.92,Travel Vendor 25,,
TA0411,2026-08-17,2026-08,Travel,113.91,Travel Vendor 01,,
TA0412,2026-08-04,2026-08,Travel,137.06,Travel Vendor 29,,
TA0413,2026-08-15,2026-08,Travel,151.12,Travel Vendor 27,,
TA0414,2026-08-14,2026-08,Travel,189.34,Travel Vendor 11,,
TA0415,2026-08-03,2026-08,Travel,117.18,Travel Vendor 31,,
TA0416,2026-08-05,2026-08,Travel,126.53,Travel Vendor 00,,
TA0417,2026-08-22,2026-08,Travel,90.21,Travel Vendor 12,,
TA0418,2026-08-13,2026-08,Travel,130.42,Travel Vendor 18,,
TA0419,2026-08-18,2026-08,Travel,102.92,Travel Vendor 24,,
TA0420,2026-08-25,2026-08,Travel,119.79,Travel Vendor 05,,
TA0421,2026-08-08,2026-08,Travel,170.23,Travel Vendor 36,,
TA0422,2026-08-27,2026-08,Travel,62.01,Travel Vendor 31,,
TA0423,2026-08-03,2026-08,Travel,170.26,Travel Vendor 13,,
TA0424,2026-08-19,2026-08,Travel,119.06,Travel Vendor 12,,
TA0425,2026-08-23,2026-08,Travel,103.63,Travel Vendor 03,,
TA0426,2026-08-18,2026-08,Travel,149.83,Travel Vendor 26,,
TA0427,2026-08-27,2026-08,Travel,135.91,Travel Vendor 26,,
TA0428,2026-08-27,2026-08,Travel,66.51,Travel Vendor 09,,
TA0429,2026-08-11,2026-08,Travel,103.46,Travel Vendor 33,,
TA0430,2026-08-01,2026-08,Travel,84.2,Travel Vendor 34,,
TA0431,2026-08-09,2026-08,Travel,127.6,Travel Vendor 05,,
TA0432,2026-08-11,2026-08,Travel,109.88,Travel Vendor 19,,
TA0433,2026-08-18,2026-08,Travel,111.32,Travel Vendor 26,,
TA0434,2026-08-22,2026-08,Travel,66.65,Travel Vendor 19,,
TA0435,2026-08-08,2026-08,Travel,172.68,Travel Vendor 27,,
TA0436,2026-08-28,2026-08,Travel,130.15,Travel Vendor 19,,
TA0437,2026-08-07,2026-08,Travel,77.13,Travel Vendor 13,,
TA0438,2026-08-18,2026-08,Travel,144.79,Travel Vendor 29,,
TA0439,2026-08-22,2026-08,Travel,123.57,Travel Vendor 37,,
TA0440,2026-08-05,2026-08,Travel,107.54,Travel Vendor 21,,
TA0441,2026-08-07,2026-08,Travel,119.34,Travel Vendor 35,,
TA0442,2026-08-22,2026-08,Travel,66.65,Travel Vendor 20,,
TA0443,2026-08-01,2026-08,Travel,129.3,Travel Vendor 26,,
TA0444,2026-08-19,2026-08,Travel,167.04,Travel Vendor 02,,
TA0445,2026-08-09,2026-08,Travel,88.56,Travel Vendor 28,,
TA0446,2026-08-10,2026-08,Travel,86.07,Travel Vendor 13,,
TA0447,2026-08-26,2026-08,Travel,186.51,Travel Vendor 39,,
TA0448,2026-08-15,2026-08,Travel,112.78,Travel Vendor 28,,
TA0449,2026-08-07,2026-08,Travel,174.15,Travel Vendor 03,,
TA0450,2026-08-06,2026-08,Travel,116.38,Travel Vendor 07,,
TA0451,2026-08-02,2026-08,Travel,77.81,Travel Vendor 04,,
TA0452,2026-08-27,2026-08,Travel,137.52,Travel Vendor 11,,
TA0453,2026-08-01,2026-08,Travel,179.91,Travel Vendor 35,,
TA0454,2026-08-24,2026-08,Travel,164.09,Travel Vendor 31,,
TA0455,2026-08-08,2026-08,Travel,147.6,Travel Vendor 18,,
TA0456,2026-08-26,2026-08,Travel,87.43,Travel Vendor 10,,
TA0457,2026-08-05,2026-08,Travel,161.08,Travel Vendor 13,,
TA0458,2026-08-17,2026-08,Travel,73.11,Travel Vendor 06,,
TA0459,2026-08-07,2026-08,Travel,161.95,Travel Vendor 03,,
TA0460,2026-08-14,2026-08,Travel,89.09,Travel Vendor 16,,
TA0461,2026-08-23,2026-08,Travel,177.76,Travel Vendor 27,,
TA0462,2026-08-05,2026-08,Travel,172.86,Travel Vendor 08,,
TA0463,2026-08-02,2026-08,Travel,80.82,Travel Vendor 28,,
TA0464,2026-08-10,2026-08,Travel,158.56,Travel Vendor 37,,
TA0465,2026-08-26,2026-08,Travel,101.43,Travel Vendor 35,,
TA0466,2026-08-24,2026-08,Travel,80.02,Travel Vendor 16,,
TA0467,2026-08-11,2026-08,Travel,131.33,Travel Vendor 13,,
TA0468,2026-08-05,2026-08,Travel,182.92,Travel Vendor 14,,
TA0469,2026-08-13,2026-08,Travel,186.64,Travel Vendor 20,,
TA0470,2026-08-13,2026-08,Travel,80.28,Travel Vendor 18,,
TA0471,2026-08-08,2026-08,Travel,145.13,Travel Vendor 05,,
TA0472,2026-08-07,2026-08,Travel,120.38,Travel Vendor 11,,
TA0473,2026-08-14,2026-08,Travel,103.31,Travel Vendor 25,,
TA0474,2026-08-04,2026-08,Travel,65.05,Travel Vendor 22,,
TA0475,2026-08-04,2026-08,Travel,145.47,Travel Vendor 13,,
TA0476,2026-08-21,2026-08,Travel,182.13,Travel Vendor 33,,
TA0477,2026-08-03,2026-08,Travel,97.8,Travel Vendor 22,,
TA0478,2026-08-01,2026-08,Travel,157.55,Travel Vendor 31,,
TA0479,2026-08-03,2026-08,Travel,86.07,Travel Vendor 17,,
TA0480,2026-08-28,2026-08,Travel,99.38,Travel Vendor 37,,
TA0481,2026-08-18,2026-08,Travel,158.31,Travel Vendor 12,,
TA0482,2026-08-05,2026-08,Travel,121.16,Travel Vendor 14,,
TA0483,2026-08-19,2026-08,Travel,180.2,Travel Vendor 02,,
TA0484,2026-08-19,2026-08,Travel,137.84,Travel Vendor 00,,
TA0485,2026-08-12,2026-08,Travel,85.27,Travel Vendor 09,,
TA0486,2026-08-22,2026-08,Travel,99.0,Travel Vendor 11,,
TA0487,2026-08-11,2026-08,Travel,105.53,Travel Vendor 30,,
TA0488,2026-08-08,2026-08,Travel,102.84,Travel Vendor 23,,
TA0489,2026-08-06,2026-08,Travel,74.25,Travel Vendor 19,,
TA0490,2026-08-26,2026-08,Travel,69.03,Travel Vendor 35,,
TA0491,2026-08-15,2026-08,Travel,72.44,Travel Vendor 35,,
TA0492,2026-08-04,2026-08,Travel,162.44,Travel Vendor 38,,
TA0493,2026-08-13,2026-08,Travel,119.98,Travel Vendor 02,,
TA0494,2026-08-02,2026-08,Travel,126.74,Travel Vendor 06,,
TA0495,2026-08-14,2026-08,Travel,144.09,Travel Vendor 08,,
TA0496,2026-08-14,2026-08,Travel,135.14,Travel Vendor 22,,
TA0497,2026-08-03,2026-08,Travel,108.71,Travel Vendor 10,,
TA0498,2026-08-12,2026-08,Travel,82.06,Travel Vendor 05,,
TA0499,2026-08-11,2026-08,Travel,60.64,Travel Vendor 30,,
TA0500,2026-08-10,2026-08,Travel,79.37,Travel Vendor 06,,
TA0501,2026-08-04,2026-08,Travel,174.28,Travel Vendor 07,,
TA0502,2026-08-05,2026-08,Travel,124.5,Travel Vendor 34,,
TA0503,2026-08-18,2026-08,Travel,75.29,Travel Vendor 29,,
TA0504,2026-08-08,2026-08,Travel,81.32,Travel Vendor 34,,
TA0505,2026-08-02,2026-08,Travel,125.88,Travel Vendor 23,,
TA0506,2026-08-07,2026-08,Travel,96.85,Travel Vendor 35,,
TA0507,2026-08-07,2026-08,Travel,188.45,Travel Vendor 15,,
TA0508,2026-08-24,2026-08,Travel,173.3,Travel Vendor 32,,
TA0509,2026-08-08,2026-08,Travel,175.78,Travel Vendor 00,,
TA0510,2026-08-04,2026-08,Travel,182.63,Travel Vendor 31,,
TA0511,2026-08-26,2026-08,Travel,162.84,Travel Vendor 36,,
TA0512,2026-08-07,2026-08,Travel,149.56,Travel Vendor 14,,
TA0513,2026-08-03,2026-08,Travel,157.51,Travel Vendor 09,,
TA0514,2026-08-27,2026-08,Travel,94.34,Travel Vendor 01,,
TA0515,2026-08-14,2026-08,Travel,111.12,Travel Vendor 33,,
TA0516,2026-08-04,2026-08,Travel,97.95,Travel Vendor 07,,
TA0517,2026-08-03,2026-08,Travel,146.31,Travel Vendor 13,,
TA0518,2026-08-08,2026-08,Travel,91.66,Travel Vendor 32,,
TA0519,2026-08-23,2026-08,Travel,166.49,Travel Vendor 15,,
TA0520,2026-08-03,2026-08,Travel,137.89,Travel Vendor 06,,
TA0521,2026-08-02,2026-08,Travel,87.94,Travel Vendor 11,,
TA0522,2026-08-27,2026-08,Travel,99.47,Travel Vendor 05,,
TA0523,2026-08-26,2026-08,Travel,158.69,Travel Vendor 37,,
TA0524,2026-08-06,2026-08,Travel,61.4,Travel Vendor 26,,
TA0525,2026-08-26,2026-08,Travel,112.92,Travel Vendor 05,,
TA0526,2026-08-26,2026-08,Travel,91.83,Travel Vendor 32,,
TA0527,2026-08-22,2026-08,Travel,81.73,Travel Vendor 22,,
TA0528,2026-08-25,2026-08,Travel,78.25,Travel Vendor 12,,
TA0529,2026-08-08,2026-08,Travel,149.18,Travel Vendor 04,,
TA0530,2026-08-01,2026-08,Travel,162.91,Travel Vendor 30,,
TA0531,2026-08-02,2026-08,Travel,124.65,Travel Vendor 21,,
TA0532,2026-08-03,2026-08,Travel,157.69,Travel Vendor 04,,
TA0533,2026-08-07,2026-08,Travel,172.66,Travel Vendor 03,,
TA0534,2026-08-28,2026-08,Travel,107.53,Travel Vendor 26,,
TA0535,2026-08-03,2026-08,Travel,144.62,Travel Vendor 22,,
TA0536,2026-08-19,2026-08,Travel,81.09,Travel Vendor 31,,
TA0537,2026-08-22,2026-08,Travel,160.37,Travel Vendor 31,,
TA0538,2026-08-05,2026-08,Travel,93.71,Travel Vendor 19,,
TA0539,2026-08-02,2026-08,Travel,156.85,Travel Vendor 37,,
TA0540,2026-08-06,2026-08,Travel,116.59,Travel Vendor 32,,
TA0541,2026-08-10,2026-08,Travel,157.24,Travel Vendor 37,,
TA0542,2026-08-18,2026-08,Travel,145.18,Travel Vendor 07,,
TA0543,2026-08-03,2026-08,Travel,185.9,Travel Vendor 16,,
TA0544,2026-08-25,2026-08,Travel,168.99,Travel Vendor 14,,
TA0545,2026-08-08,2026-08,Travel,85.74,Travel Vendor 29,,
TA0546,2026-08-18,2026-08,Travel,90.76,Travel Vendor 31,,
TA0547,2026-08-19,2026-08,Travel,178.06,Travel Vendor 03,,
TA0548,2026-08-13,2026-08,Travel,146.27,Travel Vendor 25,,
TA0549,2026-08-26,2026-08,Travel,141.48,Travel Vendor 21,,
TA0550,2026-08-27,2026-08,Travel,109.27,Travel Vendor 05,,
TA0551,2026-08-08,2026-08,Travel,144.82,Travel Vendor 21,,
TA0552,2026-08-22,2026-08,Travel,137.33,Travel Vendor 27,,
TA0553,2026-08-26,2026-08,Travel,99.62,Travel Vendor 19,,
TA0554,2026-08-16,2026-08,Travel,138.5,Travel Vendor 07,,
TA0555,2026-08-26,2026-08,Travel,121.8,Travel Vendor 26,,
TA0556,2026-08-20,2026-08,Travel,98.93,Travel Vendor 09,,
TA0557,2026-08-11,2026-08,Travel,130.9,Travel Vendor 05,,
TA0558,2026-08-12,2026-08,Travel,111.2,Travel Vendor 29,,
TA0559,2026-08-20,2026-08,Travel,64.23,Travel Vendor 21,,
TA0560,2026-08-03,2026-08,Travel,189.02,Travel Vendor 11,,
TA0561,2026-08-23,2026-08,Travel,175.64,Travel Vendor 26,,
TA0562,2026-08-22,2026-08,Travel,129.96,Travel Vendor 15,,
TA0563,2026-08-04,2026-08,Travel,88.12,Travel Vendor 02,,
TA0564,2026-08-13,2026-08,Travel,166.98,Travel Vendor 11,,
TA0565,2026-08-13,2026-08,Travel,95.29,Travel Vendor 09,,
TA0566,2026-08-12,2026-08,Travel,81.76,Travel Vendor 22,,
TA0567,2026-08-27,2026-08,Travel,139.33,Travel Vendor 25,,
TA0568,2026-08-10,2026-08,Travel,124.96,Travel Vendor 32,,
TA0569,2026-08-26,2026-08,Travel,188.51,Travel Vendor 12,,
TA0570,2026-08-28,2026-08,Travel,167.98,Travel Vendor 10,,
TA0571,2026-08-13,2026-08,Travel,128.54,Travel Vendor 00,,
TA0572,2026-08-28,2026-08,Travel,82.8,Travel Vendor 15,,
TA0573,2026-08-15,2026-08,Travel,133.48,Travel Vendor 16,,
TA0574,2026-08-24,2026-08,Travel,105.8,Travel Vendor 06,,
TA0575,2026-08-18,2026-08,Travel,155.49,Travel Vendor 32,,
TA0576,2026-08-22,2026-08,Travel,108.97,Travel Vendor 16,,
TA0577,2026-08-22,2026-08,Travel,114.08,Travel Vendor 32,,
TA0578,2026-08-20,2026-08,Travel,103.05,Travel Vendor 17,,
TA0579,2026-08-10,2026-08,Travel,107.04,Travel Vendor 24,,
TA0580,2026-08-17,2026-08,Travel,165.13,Travel Vendor 03,,
TA0581,2026-08-21,2026-08,Travel,124.76,Travel Vendor 23,,
TA0582,2026-08-23,2026-08,Travel,186.91,Travel Vendor 03,,
TA0583,2026-08-27,2026-08,Travel,175.45,Travel Vendor 07,,
TA0584,2026-08-18,2026-08,Travel,109.03,Travel Vendor 19,,
TA0585,2026-08-25,2026-08,Travel,126.62,Travel Vendor 09,,
TA0586,2026-08-24,2026-08,Travel,138.92,Travel Vendor 29,,
TA0587,2026-08-02,2026-08,Travel,183.27,Travel Vendor 30,,
TA0588,2026-08-05,2026-08,Travel,60.92,Travel Vendor 17,,
TA0589,2026-08-05,2026-08,Travel,84.4,Travel Vendor 36,,
TA0590,2026-08-17,2026-08,Travel,66.07,Travel Vendor 25,,
TA0591,2026-08-06,2026-08,Travel,157.16,Travel Vendor 17,,
TA0592,2026-08-21,2026-08,Travel,159.12,Travel Vendor 18,,
TA0593,2026-08-25,2026-08,Travel,130.76,Travel Vendor 26,,
TA0594,2026-08-18,2026-08,Travel,187.16,Travel Vendor 05,,
TA0595,2026-08-26,2026-08,Travel,183.5,Travel Vendor 24,,
TA0596,2026-08-16,2026-08,Travel,185.19,Travel Vendor 23,,
TA0597,2026-08-23,2026-08,Travel,177.37,Travel Vendor 20,,
TA0598,2026-08-06,2026-08,Travel,168.35,Travel Vendor 31,,
TA0599,2026-08-27,2026-08,Travel,66.28,Travel Vendor 34,,
TA0600,2026-08-12,2026-08,Travel,176.18,Travel Vendor 12,,
TA0601,2026-08-17,2026-08,Travel,164.97,Travel Vendor 03,,
TA0602,2026-08-06,2026-08,Travel,100.04,Travel Vendor 33,,
TA0603,2026-08-06,2026-08,Travel,148.58,Travel Vendor 03,,
TA0604,2026-08-19,2026-08,Travel,98.69,Travel Vendor 24,,
TA0605,2026-08-25,2026-08,Travel,185.7,Travel Vendor 11,,
TA0606,2026-08-09,2026-08,Travel,100.22,Travel Vendor 30,,
TA0607,2026-08-07,2026-08,Travel,140.69,Travel Vendor 28,,
TA0608,2026-08-13,2026-08,Travel,74.1,Travel Vendor 16,,
TA0609,2026-08-12,2026-08,Travel,111.22,Travel Vendor 24,,
TA0610,2026-08-26,2026-08,Travel,185.27,Travel Vendor 17,,
TA0611,2026-08-04,2026-08,Travel,86.52,Travel Vendor 39,,
TA0612,2026-08-15,2026-08,Travel,125.16,Travel Vendor 26,,
TA0613,2026-08-21,2026-08,Travel,80.78,Travel Vendor 20,,
TA0614,2026-08-02,2026-08,Travel,79.77,Travel Vendor 34,,
TA0615,2026-08-16,2026-08,Travel,145.98,Travel Vendor 26,,
TA0616,2026-08-25,2026-08,Travel,69.94,Travel Vendor 25,,
TA0617,2026-08-12,2026-08,Travel,153.25,Travel Vendor 25,,
TA0618,2026-08-17,2026-08,Travel,165.43,Travel Vendor 07,,
TA0619,2026-08-09,2026-08,Travel,118.46,Travel Vendor 00,,
TA0620,2026-08-02,2026-08,Travel,129.19,Travel Vendor 36,,
TA0621,2026-08-10,2026-08,Travel,105.98,Travel Vendor 23,,
TA0622,2026-08-09,2026-08,Travel,187.46,Travel Vendor 04,,
TA0623,2026-08-18,2026-08,Travel,72.53,Travel Vendor 38,,
TA0624,2026-08-22,2026-08,Travel,167.68,Travel Vendor 07,,
TA0625,2026-08-10,2026-08,Travel,81.57,Travel Vendor 11,,
TA0626,2026-08-24,2026-08,Travel,142.41,Travel Vendor 07,,
TA0627,2026-08-25,2026-08,Travel,112.5,Travel Vendor 21,,
TA0628,2026-08-13,2026-08,Travel,111.03,Travel Vendor 21,,
TA0629,2026-08-12,2026-08,Travel,172.45,Travel Vendor 09,,
TA0630,2026-08-18,2026-08,Travel,155.64,Travel Vendor 26,,
TA0631,2026-08-22,2026-08,Travel,180.54,Travel Vendor 18,,
TA0632,2026-08-05,2026-08,Travel,87.7,Travel Vendor 04,,
TA0633,2026-08-14,2026-08,Travel,68.68,Travel Vendor 00,,
TA0634,2026-08-28,2026-08,Travel,134.6,Travel Vendor 15,,
TA0635,2026-08-19,2026-08,Travel,116.23,Travel Vendor 13,,
TA0636,2026-08-19,2026-08,Travel,154.74,Travel Vendor 08,,
TA0637,2026-08-05,2026-08,Travel,88.88,Travel Vendor 15,,
TA0638,2026-08-17,2026-08,Travel,76.24,Travel Vendor 18,,
TA0639,2026-08-02,2026-08,Travel,156.59,Travel Vendor 24,,
TA0640,2026-08-10,2026-08,Travel,77.07,Travel Vendor 24,,
TA0641,2026-08-20,2026-08,Travel,176.51,Travel Vendor 04,,
TA0642,2026-08-25,2026-08,Travel,138.44,Travel Vendor 32,,
TA0643,2026-08-09,2026-08,Travel,139.0,Travel Vendor 14,,
TA0644,2026-08-10,2026-08,Travel,72.2,Travel Vendor 36,,
TA0645,2026-08-26,2026-08,Travel,70.23,Travel Vendor 01,,
TA0646,2026-08-23,2026-08,Travel,127.25,Travel Vendor 07,,
TA0647,2026-08-27,2026-08,Travel,184.01,Travel Vendor 13,,
TA0648,2026-08-01,2026-08,Travel,119.51,Travel Vendor 08,,
TA0649,2026-08-15,2026-08,Travel,95.76,Travel Vendor 03,,
TA0650,2026-08-15,2026-08,Travel,136.73,Travel Vendor 38,,
TA0651,2026-08-26,2026-08,Travel,64.19,Travel Vendor 34,,
TA0652,2026-08-27,2026-08,Travel,120.79,Travel Vendor 30,,
TA0653,2026-08-08,2026-08,Travel,98.24,Travel Vendor 21,,
TA0654,2026-08-11,2026-08,Travel,128.99,Travel Vendor 14,,
TA0655,2026-08-07,2026-08,Travel,132.36,Travel Vendor 13,,
TA0656,2026-08-10,2026-08,Travel,169.12,Travel Vendor 36,,
TA0657,2026-08-18,2026-08,Travel,152.7,Travel Vendor 14,,
TA0658,2026-08-25,2026-08,Travel,82.49,Travel Vendor 32,,
TA0659,2026-08-09,2026-08,Travel,115.11,Travel Vendor 04,,
TA0660,2026-08-21,2026-08,Travel,95.59,Travel Vendor 05,,
TA0661,2026-08-19,2026-08,Travel,74.61,Travel Vendor 24,,
TA0662,2026-08-17,2026-08,Travel,184.09,Travel Vendor 26,,
TA0663,2026-08-08,2026-08,Travel,146.67,Travel Vendor 03,,
TA0664,2026-08-26,2026-08,Travel,108.28,Travel Vendor 34,,
TA0665,2026-08-11,2026-08,Travel,145.52,Travel Vendor 16,,
TA0666,2026-08-03,2026-08,Travel,143.43,Travel Vendor 36,,
TA0667,2026-08-05,2026-08,Travel,116.07,Travel Vendor 39,,
TA0668,2026-08-15,2026-08,Travel,84.8,Travel Vendor 39,,
TA0669,2026-08-07,2026-08,Travel,74.54,Travel Vendor 10,,
TA0670,2026-08-10,2026-08,Travel,158.74,Travel Vendor 04,,
TA0671,2026-08-24,2026-08,Travel,176.66,Travel Vendor 01,,
TA0672,2026-08-15,2026-08,Travel,161.07,Travel Vendor 12,,
TA0673,2026-08-25,2026-08,Travel,94.53,Travel Vendor 35,,
TA0674,2026-08-25,2026-08,Travel,151.16,Travel Vendor 18,,
TA0675,2026-08-24,2026-08,Travel,162.2,Travel Vendor 01,,
TA0676,2026-08-24,2026-08,Travel,153.93,Travel Vendor 01,,
TA0677,2026-08-03,2026-08,Travel,106.01,Travel Vendor 26,,
TA0678,2026-08-01,2026-08,Travel,168.61,Travel Vendor 34,,
TA0679,2026-08-09,2026-08,Travel,132.51,Travel Vendor 10,,
TA0680,2026-08-19,2026-08,Travel,142.19,Travel Vendor 22,,
TA0681,2026-08-10,2026-08,Travel,73.68,Travel Vendor 11,,
TA0682,2026-08-23,2026-08,Travel,106.18,Travel Vendor 01,,
TA0683,2026-08-26,2026-08,Travel,152.71,Travel Vendor 06,,
TA0684,2026-08-11,2026-08,Travel,73.87,Travel Vendor 09,,
TA0685,2026-08-12,2026-08,Travel,161.07,Travel Vendor 30,,
TA0686,2026-08-16,2026-08,Travel,188.77,Travel Vendor 21,,
TA0687,2026-08-26,2026-08,Travel,101.41,Travel Vendor 08,,
TA0688,2026-08-28,2026-08,Travel,74.15,Travel Vendor 36,,
TA0689,2026-08-09,2026-08,Travel,126.03,Travel Vendor 13,,
TA0690,2026-08-12,2026-08,Travel,92.75,Travel Vendor 01,,
TA0691,2026-08-07,2026-08,Travel,152.33,Travel Vendor 33,,
TA0692,2026-08-14,2026-08,Travel,160.67,Travel Vendor 24,,
TA0693,2026-08-06,2026-08,Travel,165.54,Travel Vendor 27,,
TA0694,2026-08-05,2026-08,Travel,77.98,Travel Vendor 07,,
TA0695,2026-08-07,2026-08,Travel,154.62,Travel Vendor 34,,
TA0696,2026-08-13,2026-08,Travel,63.59,Travel Vendor 05,,
TA0697,2026-08-15,2026-08,Travel,161.45,Travel Vendor 13,,
TA0698,2026-08-19,2026-08,Travel,129.44,Travel Vendor 04,,
TA0699,2026-08-28,2026-08,Travel,102.04,Travel Vendor 39,,
TA0700,2026-08-18,2026-08,Travel,175.09,Travel Vendor 31,,
TA0701,2026-08-25,2026-08,Travel,143.13,Travel Vendor 13,,
TA0702,2026-08-01,2026-08,Travel,91.64,Travel Vendor 22,,
TA0703,2026-08-13,2026-08,Travel,174.48,Travel Vendor 06,,
TA0704,2026-08-19,2026-08,Travel,174.09,Travel Vendor 12,,
TA0705,2026-08-15,2026-08,Travel,119.33,Travel Vendor 37,,
TA0706,2026-08-21,2026-08,Travel,149.1,Travel Vendor 28,,
TA0707,2026-08-25,2026-08,Travel,68.78,Travel Vendor 03,,
TA0708,2026-08-28,2026-08,Travel,121.19,Travel Vendor 25,,
TA0709,2026-08-21,2026-08,Travel,147.48,Travel Vendor 15,,
TA0710,2026-08-23,2026-08,Travel,144.44,Travel Vendor 30,,
TA0711,2026-08-20,2026-08,Travel,78.43,Travel Vendor 31,,
TA0712,2026-08-20,2026-08,Travel,109.62,Travel Vendor 15,,
TA0713,2026-08-26,2026-08,Travel,188.29,Travel Vendor 14,,
TA0714,2026-08-01,2026-08,Travel,111.0,Travel Vendor 14,,
TA0715,2026-08-21,2026-08,Travel,156.0,Travel Vendor 02,,
TA0716,2026-08-08,2026-08,Travel,72.19,Travel Vendor 12,,
TA0717,2026-08-26,2026-08,Travel,60.12,Travel Vendor 29,,
TA0718,2026-08-02,2026-08,Travel,112.26,Travel Vendor 14,,
TA0719,2026-08-25,2026-08,Travel,147.34,Travel Vendor 35,,
TA0720,2026-08-21,2026-08,Travel,135.15,Travel Vendor 26,,
TA0721,2026-08-09,2026-08,Travel,65.37,Travel Vendor 29,,
TA0722,2026-08-01,2026-08,Travel,122.25,Travel Vendor 06,,
TA0723,2026-08-25,2026-08,Travel,186.51,Travel Vendor 06,,
TA0724,2026-08-06,2026-08,Travel,78.62,Travel Vendor 33,,
TA0725,2026-08-06,2026-08,Travel,140.07,Travel Vendor 20,,
TA0726,2026-08-04,2026-08,Travel,126.28,Travel Vendor 24,,
TA0727,2026-08-01,2026-08,Travel,69.38,Travel Vendor 01,,
TA0728,2026-08-18,2026-08,Travel,144.27,Travel Vendor 05,,
TA0729,2026-08-17,2026-08,Travel,133.01,Travel Vendor 39,,
TA0730,2026-08-20,2026-08,Travel,162.94,Travel Vendor 34,,
TA0731,2026-08-03,2026-08,Travel,151.77,Travel Vendor 34,,
TA0732,2026-08-20,2026-08,Travel,97.83,Travel Vendor 25,,
TA0733,2026-08-22,2026-08,Travel,60.99,Travel Vendor 13,,
TA0734,2026-08-01,2026-08,Travel,84.36,Travel Vendor 32,,
TA0735,2026-08-26,2026-08,Travel,168.85,Travel Vendor 13,,
TA0736,2026-08-04,2026-08,Travel,152.06,Travel Vendor 13,,
TA0737,2026-08-22,2026-08,Travel,115.78,Travel Vendor 07,,
TA0738,2026-08-20,2026-08,Travel,186.94,Travel Vendor 34,,
TA0739,2026-08-17,2026-08,Travel,105.83,Travel Vendor 06,,
TA0740,2026-08-03,2026-08,Travel,154.92,Travel Vendor 06,,
TA0741,2026-08-03,2026-08,Travel,107.79,Travel Vendor 19,,
TA0742,2026-08-10,2026-08,Travel,159.11,Travel Vendor 09,,
TA0743,2026-08-16,2026-08,Travel,138.84,Travel Vendor 21,,
TA0744,2026-08-25,2026-08,Travel,84.96,Travel Vendor 05,,
TA0745,2026-08-03,2026-08,Travel,65.66,Travel Vendor 38,,
TA0746,2026-08-07,2026-08,Travel,127.62,Travel Vendor 29,,
TA0747,2026-08-14,2026-08,Travel,180.09,Travel Vendor 36,,
TA0748,2026-08-21,2026-08,Travel,87.41,Travel Vendor 05,,
TA0749,2026-08-01,2026-08,Travel,168.83,Travel Vendor 01,,
TA0750,2026-08-22,2026-08,Travel,148.51,Travel Vendor 27,,
TA0751,2026-08-26,2026-08,Travel,174.16,Travel Vendor 11,,
TA0752,2026-08-20,2026-08,Travel,182.56,Travel Vendor 28,,
TA0753,2026-08-09,2026-08,Travel,151.84,Travel Vendor 16,,
TA0754,2026-08-26,2026-08,Travel,99.07,Travel Vendor 22,,
TA0755,2026-08-01,2026-08,Travel,102.17,Travel Vendor 06,,
TA0756,2026-08-06,2026-08,Travel,117.57,Travel Vendor 30,,
TA0757,2026-08-25,2026-08,Travel,141.0,Travel Vendor 20,,
TA0758,2026-08-09,2026-08,Travel,164.47,Travel Vendor 00,,
TA0759,2026-08-14,2026-08,Travel,129.92,Travel Vendor 21,,
TA0760,2026-08-08,2026-08,Travel,130.72,Travel Vendor 22,,
TA0761,2026-08-27,2026-08,Travel,102.73,Travel Vendor 15,,
TA0762,2026-08-11,2026-08,Travel,163.3,Travel Vendor 34,,
TA0763,2026-08-06,2026-08,Travel,73.63,Travel Vendor 20,,
TA0764,2026-08-14,2026-08,Travel,141.51,Travel Vendor 23,,
TA0765,2026-08-03,2026-08,Travel,129.85,Travel Vendor 29,,
TA0766,2026-08-06,2026-08,Travel,87.5,Travel Vendor 03,,
TA0767,2026-08-21,2026-08,Travel,146.25,Travel Vendor 15,,
TA0768,2026-08-14,2026-08,Travel,181.08,Travel Vendor 33,,
TA0769,2026-08-23,2026-08,Travel,160.93,Travel Vendor 05,,
TA0770,2026-08-21,2026-08,Travel,87.61,Travel Vendor 18,,
TA0771,2026-08-25,2026-08,Travel,177.85,Travel Vendor 00,,
TA0772,2026-08-23,2026-08,Travel,93.82,Travel Vendor 07,,
TA0773,2026-08-06,2026-08,Travel,139.38,Travel Vendor 39,,
TA0774,2026-08-22,2026-08,Travel,81.64,Travel Vendor 18,,
TA0775,2026-08-25,2026-08,Travel,110.82,Travel Vendor 21,,
TA0776,2026-08-09,2026-08,Travel,184.88,Travel Vendor 05,,
TA0777,2026-08-23,2026-08,Travel,172.61,Travel Vendor 16,,
TA0778,2026-08-20,2026-08,Travel,185.36,Travel Vendor 37,,
TA0779,2026-08-05,2026-08,Travel,145.3,Travel Vendor 38,,
TA0780,2026-08-03,2026-08,Travel,150.34,Travel Vendor 19,,
TA0781,2026-08-03,2026-08,Travel,68.31,Travel Vendor 04,,
TA0782,2026-08-18,2026-08,Travel,61.89,Travel Vendor 23,,
TA0783,2026-08-03,2026-08,Travel,78.49,Travel Vendor 07,,
TA0784,2026-08-24,2026-08,Travel,124.18,Travel Vendor 32,,
TA0785,2026-08-23,2026-08,Travel,174.11,Travel Vendor 28,,
TA0786,2026-08-06,2026-08,Travel,176.99,Travel Vendor 16,,
TA0787,2026-08-10,2026-08,Travel,111.32,Travel Vendor 11,,
TA0788,2026-08-15,2026-08,Travel,188.61,Travel Vendor 06,,
TA0789,2026-08-28,2026-08,Travel,181.2,Travel Vendor 21,,
TA0790,2026-08-11,2026-08,Travel,168.2,Travel Vendor 01,,
TA0791,2026-08-13,2026-08,Travel,167.74,Travel Vendor 14,,
TA0792,2026-08-04,2026-08,Travel,171.15,Travel Vendor 22,,
TA0793,2026-08-22,2026-08,Travel,103.62,Travel Vendor 39,,
TA0794,2026-08-01,2026-08,Travel,169.93,Travel Vendor 04,,
TA0795,2026-08-03,2026-08,Travel,80.54,Travel Vendor 37,,
TA0796,2026-08-10,2026-08,Travel,145.96,Travel Vendor 11,,
TA0797,2026-08-02,2026-08,Travel,78.68,Travel Vendor 06,,
TA0798,2026-08-27,2026-08,Travel,187.75,Travel Vendor 24,,
TA0799,2026-08-09,2026-08,Travel,144.79,Travel Vendor 36,,
TA0800,2026-08-19,2026-08,Travel,89.02,Travel Vendor 04,,
TA0801,2026-08-10,2026-08,Travel,61.93,Travel Vendor 08,,
TA0802,2026-08-12,2026-08,Travel,107.27,Travel Vendor 11,,
TA0803,2026-08-05,2026-08,Travel,108.02,Travel Vendor 16,,
TA0804,2026-08-12,2026-08,Travel,107.61,Travel Vendor 33,,
TA0805,2026-08-22,2026-08,Travel,74.49,Travel Vendor 15,,
TA0806,2026-08-26,2026-08,Travel,81.56,Travel Vendor 24,,
TA0807,2026-08-25,2026-08,Travel,63.91,Travel Vendor 12,,
TA0808,2026-08-08,2026-08,Travel,159.14,Travel Vendor 23,,
TA0809,2026-08-08,2026-08,Travel,143.39,Travel Vendor 30,,
TA0810,2026-08-09,2026-08,Travel,173.06,Travel Vendor 03,,
TA0811,2026-08-04,2026-08,Travel,146.27,Travel Vendor 23,,
TA0812,2026-08-08,2026-08,Travel,96.64,Travel Vendor 30,,
TA0813,2026-08-15,2026-08,Travel,123.37,Travel Vendor 07,,
TA0814,2026-08-15,2026-08,Travel,132.19,Travel Vendor 31,,
TA0815,2026-08-03,2026-08,Travel,112.61,Travel Vendor 31,,
TA0816,2026-08-16,2026-08,Travel,180.0,Travel Vendor 14,,
TA0817,2026-08-14,2026-08,Travel,117.23,Travel Vendor 07,,
TA0818,2026-08-07,2026-08,Travel,68.83,Travel Vendor 23,,
TA0819,2026-08-15,2026-08,Travel,120.99,Travel Vendor 21,,
TA0820,2026-08-18,2026-08,Travel,67.45,Travel Vendor 32,,
TA0821,2026-08-08,2026-08,Travel,122.92,Travel Vendor 13,,
TA0822,2026-08-19,2026-08,Travel,139.45,Travel Vendor 24,,
TA0823,2026-08-04,2026-08,Travel,67.79,Travel Vendor 27,,
TA0824,2026-08-17,2026-08,Travel,67.28,Travel Vendor 33,,
TA0825,2026-08-06,2026-08,Travel,126.36,Travel Vendor 20,,
TA0826,2026-08-07,2026-08,Travel,73.19,Travel Vendor 30,,
TA0827,2026-08-09,2026-08,Travel,120.9,Travel Vendor 29,,
TA0828,2026-08-26,2026-08,Travel,155.07,Travel Vendor 04,,
TA0829,2026-08-26,2026-08,Travel,118.89,Travel Vendor 20,,
TA0830,2026-08-04,2026-08,Travel,86.69,Travel Vendor 23,,
TA0831,2026-08-03,2026-08,Travel,75.56,Travel Vendor 30,,
TA0832,2026-08-16,2026-08,Travel,93.45,Travel Vendor 32,,
TA0833,2026-08-01,2026-08,Travel,141.58,Travel Vendor 32,,
TA0834,2026-08-01,2026-08,Travel,143.66,Travel Vendor 02,,
TA0835,2026-08-18,2026-08,Travel,144.3,Travel Vendor 31,,
TA0836,2026-08-22,2026-08,Travel,138.64,Travel Vendor 23,,
TA0837,2026-08-05,2026-08,Travel,110.36,Travel Vendor 20,,
TA0838,2026-08-24,2026-08,Travel,65.43,Travel Vendor 23,,
TA0839,2026-08-22,2026-08,Travel,177.35,Travel Vendor 11,,
TA0840,2026-08-23,2026-08,Travel,89.5,Travel Vendor 38,,
TA0841,2026-08-15,2026-08,Travel,177.21,Travel Vendor 05,,
TA0842,2026-08-15,2026-08,Travel,88.21,Travel Vendor 02,,
TA0843,2026-08-10,2026-08,Travel,117.07,Travel Vendor 08,,
TA0844,2026-08-27,2026-08,Travel,84.9,Travel Vendor 20,,
TA0845,2026-08-19,2026-08,Travel,85.92,Travel Vendor 04,,
TA0846,2026-08-13,2026-08,Travel,63.25,Travel Vendor 10,,
TA0847,2026-08-01,2026-08,Travel,106.79,Travel Vendor 30,,
TA0848,2026-08-08,2026-08,Travel,68.56,Travel Vendor 23,,
TA0849,2026-08-17,2026-08,Travel,170.92,Travel Vendor 31,,
TA0850,2026-08-22,2026-08,Travel,188.94,Travel Vendor 39,,
TA0851,2026-08-07,2026-08,Travel,85.01,Travel Vendor 30,,
TA0852,2026-08-07,2026-08,Travel,100.29,Travel Vendor 29,,
TA0853,2026-08-09,2026-08,Travel,89.42,Travel Vendor 20,,
TA0854,2026-08-02,2026-08,Travel,112.91,Travel Vendor 21,,
TA0855,2026-08-14,2026-08,Travel,146.93,Travel Vendor 01,,
TA0856,2026-08-19,2026-08,Travel,108.61,Travel Vendor 10,,
TA0857,2026-08-08,2026-08,Travel,167.64,Travel Vendor 00,,
TA0858,2026-08-05,2026-08,Travel,138.98,Travel Vendor 16,,
TA0859,2026-08-20,2026-08,Travel,119.04,Travel Vendor 35,,
TA0860,2026-08-18,2026-08,Travel,152.53,Travel Vendor 08,,
TA0861,2026-08-09,2026-08,Travel,91.26,Travel Vendor 07,,
TA0862,2026-08-09,2026-08,Travel,184.83,Travel Vendor 09,,
TA0863,2026-08-05,2026-08,Travel,189.8,Travel Vendor 08,,
TA0864,2026-08-19,2026-08,Travel,101.76,Travel Vendor 03,,
TA0865,2026-08-06,2026-08,Travel,90.46,Travel Vendor 10,,
TA0866,2026-08-03,2026-08,Travel,136.13,Travel Vendor 28,,
TA0867,2026-08-26,2026-08,Travel,113.16,Travel Vendor 36,,
TA0868,2026-08-22,2026-08,Travel,88.99,Travel Vendor 09,,
TA0869,2026-08-24,2026-08,Travel,94.96,Travel Vendor 26,,
TA0870,2026-08-04,2026-08,Travel,66.71,Travel Vendor 06,,
TA0871,2026-08-01,2026-08,Travel,177.52,Travel Vendor 04,,
TA0872,2026-08-10,2026-08,Travel,157.95,Travel Vendor 11,,
TA0873,2026-08-28,2026-08,Travel,77.99,Travel Vendor 04,,
TA0874,2026-08-17,2026-08,Travel,108.99,Travel Vendor 19,,
TA0875,2026-08-26,2026-08,Travel,146.21,Travel Vendor 32,,
TA0876,2026-08-19,2026-08,Travel,75.16,Travel Vendor 15,,
TA0877,2026-08-16,2026-08,Travel,145.56,Travel Vendor 37,,
TA0878,2026-08-22,2026-08,Travel,164.14,Travel Vendor 33,,
TA0879,2026-08-18,2026-08,Travel,85.05,Travel Vendor 04,,
TA0880,2026-08-19,2026-08,Travel,176.68,Travel Vendor 36,,
TA0881,2026-08-13,2026-08,Travel,83.6,Travel Vendor 16,,
TA0882,2026-08-21,2026-08,Travel,90.75,Travel Vendor 23,,
TA0883,2026-08-17,2026-08,Travel,93.47,Travel Vendor 04,,
TA0884,2026-08-23,2026-08,Travel,156.37,Travel Vendor 39,,
TA0885,2026-08-22,2026-08,Travel,121.32,Travel Vendor 20,,
TA0886,2026-08-26,2026-08,Travel,179.62,Travel Vendor 28,,
TA0887,2026-08-16,2026-08,Travel,104.2,Travel Vendor 11,,
TA0888,2026-08-15,2026-08,Travel,184.6,Travel Vendor 14,,
TA0889,2026-08-14,2026-08,Travel,71.56,Travel Vendor 13,,
TA0890,2026-08-18,2026-08,Travel,113.19,Travel Vendor 08,,
TA0891,2026-08-24,2026-08,Travel,90.22,Travel Vendor 23,,
TA0892,2026-08-13,2026-08,Travel,146.23,Travel Vendor 23,,
TA0893,2026-08-05,2026-08,Travel,189.7,Travel Vendor 13,,
TA0894,2026-08-09,2026-08,Travel,74.7,Travel Vendor 32,,
TA0895,2026-08-05,2026-08,Travel,174.99,Travel Vendor 39,,
TA0896,2026-08-14,2026-08,Travel,144.03,Travel Vendor 30,,
TA0897,2026-08-19,2026-08,Travel,119.04,Travel Vendor 21,,
TA0898,2026-08-19,2026-08,Travel,130.58,Travel Vendor 22,,
TA0899,2026-08-23,2026-08,Travel,158.59,Travel Vendor 20,,
TA0900,2026-08-06,2026-08,Travel,165.48,Travel Vendor 01,,
TA0901,2026-08-22,2026-08,Travel,147.88,Travel Vendor 10,,
TA0902,2026-08-13,2026-08,Travel,108.06,Travel Vendor 18,,
TA0903,2026-08-27,2026-08,Travel,131.53,Travel Vendor 13,,
TA0904,2026-08-21,2026-08,Travel,92.31,Travel Vendor 37,,
TA0905,2026-08-25,2026-08,Travel,85.52,Travel Vendor 19,,
TA0906,2026-08-21,2026-08,Travel,93.25,Travel Vendor 04,,
TA0907,2026-08-20,2026-08,Travel,119.14,Travel Vendor 37,,
TA0908,2026-08-02,2026-08,Travel,85.78,Travel Vendor 00,,
TA0909,2026-08-20,2026-08,Travel,129.53,Travel Vendor 35,,
TA0910,2026-08-09,2026-08,Travel,63.78,Travel Vendor 00,,
TA0911,2026-08-27,2026-08,Travel,82.52,Travel Vendor 15,,
TA0912,2026-08-01,2026-08,Travel,82.57,Travel Vendor 11,,
TA0913,2026-08-09,2026-08,Travel,177.08,Travel Vendor 15,,
TA0914,2026-08-01,2026-08,Travel,63.11,Travel Vendor 05,,
TA0915,2026-08-03,2026-08,Travel,186.09,Travel Vendor 09,,
TA0916,2026-08-16,2026-08,Travel,103.6,Travel Vendor 33,,
TA0917,2026-08-12,2026-08,Travel,101.62,Travel Vendor 26,,
TA0918,2026-08-24,2026-08,Travel,122.25,Travel Vendor 16,,
TA0919,2026-08-11,2026-08,Travel,67.15,Travel Vendor 05,,
TA0920,2026-08-09,2026-08,Travel,81.12,Travel Vendor 05,,
TA0921,2026-08-03,2026-08,Travel,141.13,Travel Vendor 16,,
TA0922,2026-08-05,2026-08,Travel,162.93,Travel Vendor 21,,
TA0923,2026-08-11,2026-08,Travel,125.23,Travel Vendor 09,,
TA0924,2026-08-07,2026-08,Travel,138.67,Travel Vendor 35,,
TA0925,2026-08-26,2026-08,Travel,66.66,Travel Vendor 09,,
TA0926,2026-08-27,2026-08,Travel,150.04,Travel Vendor 24,,
TA0927,2026-08-10,2026-08,Travel,153.21,Travel Vendor 14,,
TA0928,2026-08-10,2026-08,Travel,163.63,Travel Vendor 30,,
TA0929,2026-08-04,2026-08,Travel,68.53,Travel Vendor 09,,
TA0930,2026-08-07,2026-08,Travel,163.21,Travel Vendor 28,,
TA0931,2026-08-26,2026-08,Travel,120.9,Travel Vendor 14,,
TA0932,2026-08-20,2026-08,Travel,72.13,Travel Vendor 30,,
TA0933,2026-08-19,2026-08,Travel,116.61,Travel Vendor 00,,
TA0934,2026-08-07,2026-08,Travel,181.37,Travel Vendor 13,,
TA0935,2026-08-04,2026-08,Travel,169.19,Travel Vendor 29,,
TA0936,2026-08-08,2026-08,Travel,157.61,Travel Vendor 32,,
TA0937,2026-08-14,2026-08,Travel,127.84,Travel Vendor 21,,
TA0938,2026-08-24,2026-08,Travel,67.42,Travel Vendor 14,,
TA0939,2026-08-24,2026-08,Travel,63.06,Travel Vendor 32,,
TA0940,2026-08-10,2026-08,Travel,87.49,Travel Vendor 29,,
TA0941,2026-08-20,2026-08,Travel,85.0,Travel Vendor 11,,
TA0942,2026-08-07,2026-08,Travel,188.21,Travel Vendor 16,,
TA0943,2026-08-05,2026-08,Travel,80.45,Travel Vendor 14,,
TA0944,2026-08-15,2026-08,Travel,160.27,Travel Vendor 19,,
TA0945,2026-08-13,2026-08,Travel,101.01,Travel Vendor 19,,
TA0946,2026-08-02,2026-08,Travel,160.7,Travel Vendor 20,,
TA0947,2026-08-03,2026-08,Travel,98.15,Travel Vendor 20,,
TA0948,2026-08-17,2026-08,Travel,90.72,Travel Vendor 11,,
TA0949,2026-08-21,2026-08,Travel,174.05,Travel Vendor 29,,
TA0950,2026-08-01,2026-08,Travel,85.7,Travel Vendor 07,,
TA0951,2026-08-26,2026-08,Travel,125.88,Travel Vendor 33,,
TA0952,2026-08-28,2026-08,Travel,107.17,Travel Vendor 30,,
TA0953,2026-08-17,2026-08,Travel,100.4,Travel Vendor 04,,
TA0954,2026-08-04,2026-08,Travel,145.66,Travel Vendor 39,,
TA0955,2026-08-13,2026-08,Travel,116.85,Travel Vendor 04,,
TA0956,2026-08-09,2026-08,Travel,164.46,Travel Vendor 32,,
TA0957,2026-08-08,2026-08,Travel,118.45,Travel Vendor 30,,
TA0958,2026-08-23,2026-08,Travel,114.39,Travel Vendor 23,,
TA0959,2026-08-18,2026-08,Travel,118.09,Travel Vendor 20,,
TA0960,2026-08-20,2026-08,Travel,66.64,Travel Vendor 29,,
TA0961,2026-08-03,2026-08,Travel,142.79,Travel Vendor 17,,
TA0962,2026-08-05,2026-08,Travel,64.86,Travel Vendor 35,,
TA0963,2026-08-05,2026-08,Travel,68.22,Travel Vendor 39,,
TA0964,2026-08-02,2026-08,Travel,99.0,Travel Vendor 04,,
TA0965,2026-08-28,2026-08,Travel,157.59,Travel Vendor 21,,
TA0966,2026-08-14,2026-08,Travel,127.57,Travel Vendor 09,,
TA0967,2026-08-13,2026-08,Travel,150.67,Travel Vendor 03,,
TA0968,2026-08-02,2026-08,Travel,97.44,Travel Vendor 08,,
TA0969,2026-08-17,2026-08,Travel,73.85,Travel Vendor 04,,
TA0970,2026-08-11,2026-08,Travel,81.32,Travel Vendor 34,,
TA0971,2026-08-20,2026-08,Travel,168.3,Travel Vendor 10,,
TA0972,2026-08-08,2026-08,Travel,82.58,Travel Vendor 27,,
TA0973,2026-08-23,2026-08,Travel,103.94,Travel Vendor 07,,
TA0974,2026-08-08,2026-08,Travel,119.55,Travel Vendor 35,,
TA0975,2026-08-04,2026-08,Travel,71.92,Travel Vendor 24,,
TA0976,2026-08-16,2026-08,Travel,89.44,Travel Vendor 11,,
TA0977,2026-08-20,2026-08,Travel,165.41,Travel Vendor 29,,
TA0978,2026-08-13,2026-08,Travel,153.08,Travel Vendor 08,,
TA0979,2026-08-24,2026-08,Travel,85.18,Travel Vendor 31,,
TA0980,2026-08-04,2026-08,Travel,172.76,Travel Vendor 32,,
TA0981,2026-08-11,2026-08,Travel,164.28,Travel Vendor 01,,
TA0982,2026-08-09,2026-08,Travel,126.67,Travel Vendor 09,,
TA0983,2026-08-28,2026-08,Travel,140.0,Travel Vendor 20,,
TA0984,2026-08-06,2026-08,Travel,154.82,Travel Vendor 21,,
TA0985,2026-08-22,2026-08,Travel,84.38,Travel Vendor 26,,
TA0986,2026-08-02,2026-08,Travel,166.82,Travel Vendor 14,,
TA0987,2026-08-19,2026-08,Travel,104.69,Travel Vendor 16,,
TA0988,2026-08-20,2026-08,Travel,65.12,Travel Vendor 02,,
TA0989,2026-08-11,2026-08,Travel,89.63,Travel Vendor 20,,
TA0990,2026-08-27,2026-08,Travel,174.55,Travel Vendor 23,,
TA0991,2026-08-10,2026-08,Travel,108.7,Travel Vendor 22,,
TA0992,2026-08-13,2026-08,Travel,109.17,Travel Vendor 07,,
TA0993,2026-08-08,2026-08,Travel,61.64,Travel Vendor 26,,
TA0994,2026-08-25,2026-08,Travel,142.66,Travel Vendor 36,,
TA0995,2026-08-25,2026-08,Travel,178.54,Travel Vendor 03,,
TA0996,2026-08-24,2026-08,Travel,82.29,Travel Vendor 09,,
TA0997,2026-08-27,2026-08,Travel,99.88,Travel Vendor 32,,
TA0998,2026-08-21,2026-08,Travel,102.37,Travel Vendor 27,,
TA0999,2026-08-27,2026-08,Travel,99.92,Travel Vendor 15,,
TA1000,2026-08-18,2026-08,Travel,152.72,Travel Vendor 03,,
TA1001,2026-08-12,2026-08,Travel,176.47,Travel Vendor 11,,
TA1002,2026-08-28,2026-08,Travel,101.56,Travel Vendor 08,,
TA1003,2026-08-28,2026-08,Travel,181.97,Travel Vendor 34,,
TA1004,2026-08-21,2026-08,Travel,178.44,Travel Vendor 35,,
TA1005,2026-08-15,2026-08,Travel,183.0,Travel Vendor 30,,
TA1006,2026-08-26,2026-08,Travel,120.03,Travel Vendor 13,,
TA1007,2026-08-24,2026-08,Travel,104.26,Travel Vendor 15,,
TA1008,2026-08-03,2026-08,Travel,73.05,Travel Vendor 20,,
TA1009,2026-08-01,2026-08,Travel,177.4,Travel Vendor 01,,
TA1010,2026-08-08,2026-08,Travel,108.1,Travel Vendor 39,,
TA1011,2026-08-03,2026-08,Travel,124.72,Travel Vendor 03,,
TA1012,2026-08-07,2026-08,Travel,171.79,Travel Vendor 25,,
TA1013,2026-08-10,2026-08,Travel,164.31,Travel Vendor 24,,
TA1014,2026-08-10,2026-08,Travel,143.02,Travel Vendor 36,,
TA1015,2026-08-16,2026-08,Travel,101.41,Travel Vendor 22,,
TA1016,2026-08-24,2026-08,Travel,169.06,Travel Vendor 22,,
TA1017,2026-08-19,2026-08,Travel,178.89,Travel Vendor 38,,
TA1018,2026-08-19,2026-08,Travel,189.71,Travel Vendor 33,,
TA1019,2026-08-03,2026-08,Travel,122.92,Travel Vendor 26,,
TA1020,2026-08-01,2026-08,Travel,174.46,Travel Vendor 14,,
TA1021,2026-08-07,2026-08,Travel,87.09,Travel Vendor 34,,
TA1022,2026-08-12,2026-08,Travel,180.59,Travel Vendor 07,,
TA1023,2026-08-21,2026-08,Travel,178.86,Travel Vendor 02,,
TA1024,2026-08-15,2026-08,Travel,136.81,Travel Vendor 27,,
TA1025,2026-08-01,2026-08,Travel,153.27,Travel Vendor 27,,
TA1026,2026-08-03,2026-08,Travel,83.9,Travel Vendor 18,,
TA1027,2026-08-27,2026-08,Travel,126.98,Travel Vendor 22,,
TA1028,2026-08-04,2026-08,Travel,88.9,Travel Vendor 38,,
TA1029,2026-08-26,2026-08,Travel,67.51,Travel Vendor 23,,
TA1030,2026-08-24,2026-08,Travel,116.35,Travel Vendor 24,,
TA1031,2026-08-21,2026-08,Travel,152.28,Travel Vendor 26,,
TA1032,2026-08-07,2026-08,Travel,102.54,Travel Vendor 21,,
TA1033,2026-08-17,2026-08,Travel,155.19,Travel Vendor 11,,
TA1034,2026-08-16,2026-08,Travel,131.09,Travel Vendor 32,,
TA1035,2026-08-01,2026-08,Travel,146.9,Travel Vendor 09,,
TA1036,2026-08-20,2026-08,Travel,184.37,Travel Vendor 35,,
TA1037,2026-08-26,2026-08,Travel,81.33,Travel Vendor 01,,
TA1038,2026-08-21,2026-08,Travel,131.68,Travel Vendor 07,,
TA1039,2026-08-28,2026-08,Travel,133.98,Travel Vendor 03,,
TA1040,2026-08-02,2026-08,Travel,86.96,Travel Vendor 01,,
TA1041,2026-08-17,2026-08,Travel,170.65,Travel Vendor 13,,
TA1042,2026-08-17,2026-08,Travel,120.11,Travel Vendor 09,,
TA1043,2026-08-18,2026-08,Travel,87.74,Travel Vendor 09,,
TA1044,2026-08-21,2026-08,Travel,116.97,Travel Vendor 01,,
TA1045,2026-08-14,2026-08,Travel,77.71,Travel Vendor 16,,
TA1046,2026-08-20,2026-08,Travel,95.88,Travel Vendor 26,,
TA1047,2026-08-07,2026-08,Travel,126.72,Travel Vendor 29,,
TA1048,2026-08-02,2026-08,Travel,72.01,Travel Vendor 00,,
TA1049,2026-08-26,2026-08,Travel,104.23,Travel Vendor 10,,
TA1050,2026-08-24,2026-08,Travel,161.76,Travel Vendor 34,,
TA1051,2026-08-09,2026-08,Travel,90.17,Travel Vendor 11,,
TA1052,2026-08-08,2026-08,Travel,138.38,Travel Vendor 12,,
TA1053,2026-08-19,2026-08,Travel,153.8,Travel Vendor 07,,
TA1054,2026-08-24,2026-08,Travel,120.11,Travel Vendor 38,,
TA1055,2026-08-23,2026-08,Travel,88.06,Travel Vendor 27,,
TA1056,2026-08-17,2026-08,Travel,66.83,Travel Vendor 00,,
TA1057,2026-08-15,2026-08,Travel,173.0,Travel Vendor 04,,
TA1058,2026-08-26,2026-08,Travel,132.71,Travel Vendor 26,,
TA1059,2026-08-05,2026-08,Travel,101.59,Travel Vendor 10,,
TA1060,2026-08-21,2026-08,Travel,88.14,Travel Vendor 34,,
TA1061,2026-08-11,2026-08,Travel,113.07,Travel Vendor 15,,
TA1062,2026-08-07,2026-08,Travel,89.6,Travel Vendor 26,,
TA1063,2026-08-12,2026-08,Travel,140.37,Travel Vendor 19,,
TA1064,2026-08-10,2026-08,Travel,81.05,Travel Vendor 13,,
TA1065,2026-08-15,2026-08,Travel,71.05,Travel Vendor 12,,
TA1066,2026-08-19,2026-08,Travel,101.05,Travel Vendor 32,,
TA1067,2026-08-10,2026-08,Travel,83.87,Travel Vendor 30,,
TA1068,2026-08-27,2026-08,Travel,117.18,Travel Vendor 37,,
TA1069,2026-08-16,2026-08,Travel,121.5,Travel Vendor 17,,
TA1070,2026-08-16,2026-08,Travel,127.41,Travel Vendor 30,,
TA1071,2026-08-19,2026-08,Travel,126.17,Travel Vendor 32,,
TA1072,2026-08-06,2026-08,Travel,90.28,Travel Vendor 22,,
TA1073,2026-08-23,2026-08,Travel,109.85,Travel Vendor 04,,
TA1074,2026-08-13,2026-08,Travel,73.06,Travel Vendor 27,,
TA1075,2026-08-11,2026-08,Travel,105.76,Travel Vendor 25,,
TA1076,2026-08-21,2026-08,Travel,79.8,Travel Vendor 36,,
TA1077,2026-08-18,2026-08,Travel,60.83,Travel Vendor 30,,
TA1078,2026-08-12,2026-08,Travel,126.16,Travel Vendor 25,,
TA1079,2026-08-14,2026-08,Travel,140.57,Travel Vendor 10,,
TA1080,2026-08-18,2026-08,Travel,144.81,Travel Vendor 00,,
TA1081,2026-08-22,2026-08,Travel,78.89,Travel Vendor 23,,
TA1082,2026-08-22,2026-08,Travel,170.7,Travel Vendor 20,,
TA1083,2026-08-19,2026-08,Travel,134.29,Travel Vendor 14,,
TA1084,2026-08-11,2026-08,Travel,164.14,Travel Vendor 10,,
TA1085,2026-08-18,2026-08,Travel,131.75,Travel Vendor 11,,
TA1086,2026-08-10,2026-08,Travel,75.0,Travel Vendor 01,,
TA1087,2026-08-20,2026-08,Travel,102.02,Travel Vendor 30,,
TA1088,2026-08-15,2026-08,Travel,124.44,Travel Vendor 23,,
TA1089,2026-08-17,2026-08,Travel,176.37,Travel Vendor 22,,
TA1090,2026-08-18,2026-08,Travel,129.16,Travel Vendor 20,,
TA1091,2026-08-21,2026-08,Travel,181.93,Travel Vendor 07,,
TA1092,2026-08-11,2026-08,Travel,93.09,Travel Vendor 39,,
TA1093,2026-08-20,2026-08,Travel,133.49,Travel Vendor 16,,
TA1094,2026-08-01,2026-08,Travel,108.16,Travel Vendor 24,,
TA1095,2026-08-03,2026-08,Travel,107.17,Travel Vendor 34,,
TA1096,2026-08-01,2026-08,Travel,95.86,Travel Vendor 21,,
TA1097,2026-08-10,2026-08,Travel,166.79,Travel Vendor 10,,
TA1098,2026-08-23,2026-08,Travel,109.04,Travel Vendor 04,,
TA1099,2026-08-07,2026-08,Travel,87.26,Travel Vendor 08,,
TA1100,2026-08-05,2026-08,Travel,100.45,Travel Vendor 14,,
TA1101,2026-08-02,2026-08,Travel,116.76,Travel Vendor 07,,
TA1102,2026-08-24,2026-08,Travel,186.26,Travel Vendor 06,,
TA1103,2026-08-05,2026-08,Travel,131.62,Travel Vendor 05,,
TA1104,2026-08-25,2026-08,Travel,180.26,Travel Vendor 27,,
TA1105,2026-08-27,2026-08,Travel,85.08,Travel Vendor 31,,
TA1106,2026-08-28,2026-08,Travel,154.95,Travel Vendor 27,,
TA1107,2026-08-03,2026-08,Travel,141.84,Travel Vendor 11,,
TA1108,2026-08-20,2026-08,Travel,76.42,Travel Vendor 19,,
TA1109,2026-08-02,2026-08,Travel,70.93,Travel Vendor 10,,
TA1110,2026-08-04,2026-08,Travel,65.07,Travel Vendor 20,,
TA1111,2026-08-23,2026-08,Travel,150.28,Travel Vendor 10,,
TA1112,2026-08-04,2026-08,Travel,120.24,Travel Vendor 06,,
TA1113,2026-08-06,2026-08,Travel,85.67,Travel Vendor 22,,
TA1114,2026-08-22,2026-08,Travel,182.35,Travel Vendor 12,,
TA1115,2026-08-12,2026-08,Travel,75.72,Travel Vendor 27,,
TA1116,2026-08-11,2026-08,Travel,110.82,Travel Vendor 16,,
TA1117,2026-08-15,2026-08,Travel,90.24,Travel Vendor 01,,
TA1118,2026-08-22,2026-08,Travel,151.76,Travel Vendor 11,,
TA1119,2026-08-06,2026-08,Travel,83.39,Travel Vendor 09,,
TA1120,2026-08-26,2026-08,Travel,105.63,Travel Vendor 03,,
TA1121,2026-08-15,2026-08,Travel,128.93,Travel Vendor 02,,
TA1122,2026-08-26,2026-08,Travel,117.15,Travel Vendor 36,,
TA1123,2026-08-01,2026-08,Travel,118.71,Travel Vendor 01,,
TA1124,2026-08-20,2026-08,Travel,142.33,Travel Vendor 25,,
TA1125,2026-08-17,2026-08,Travel,182.64,Travel Vendor 03,,
TA1126,2026-08-26,2026-08,Travel,132.91,Travel Vendor 09,,
TA1127,2026-08-16,2026-08,Travel,82.76,Travel Vendor 24,,
TA1128,2026-08-06,2026-08,Travel,149.79,Travel Vendor 00,,
TA1129,2026-08-17,2026-08,Travel,164.27,Travel Vendor 32,,
TA1130,2026-08-01,2026-08,Travel,169.78,Travel Vendor 23,,
TA1131,2026-08-14,2026-08,Travel,151.72,Travel Vendor 12,,
TA1132,2026-08-19,2026-08,Travel,109.47,Travel Vendor 26,,
TA1133,2026-08-11,2026-08,Travel,184.79,Travel Vendor 37,,
TA1134,2026-08-20,2026-08,Travel,80.96,Travel Vendor 24,,
TA1135,2026-08-07,2026-08,Travel,94.96,Travel Vendor 13,,
TA1136,2026-08-26,2026-08,Travel,146.34,Travel Vendor 39,,
TA1137,2026-08-27,2026-08,Travel,60.56,Travel Vendor 37,,
TA1138,2026-08-23,2026-08,Travel,102.42,Travel Vendor 35,,
TA1139,2026-08-09,2026-08,Travel,164.14,Travel Vendor 21,,
TA1140,2026-08-06,2026-08,Travel,134.57,Travel Vendor 34,,
TA1141,2026-08-16,2026-08,Travel,183.77,Travel Vendor 05,,
TA1142,2026-08-16,2026-08,Travel,180.93,Travel Vendor 02,,
TA1143,2026-08-05,2026-08,Travel,115.65,Travel Vendor 05,,
TA1144,2026-08-19,2026-08,Travel,113.86,Travel Vendor 18,,
TA1145,2026-08-19,2026-08,Travel,125.99,Travel Vendor 00,,
TA1146,2026-08-03,2026-08,Travel,136.57,Travel Vendor 08,,
TA1147,2026-08-04,2026-08,Travel,108.94,Travel Vendor 07,,
TA1148,2026-08-20,2026-08,Travel,173.26,Travel Vendor 28,,
TA1149,2026-08-24,2026-08,Travel,165.24,Travel Vendor 05,,
TA1150,2026-08-24,2026-08,Travel,118.36,Travel Vendor 23,,
TA1151,2026-08-04,2026-08,Travel,64.64,Travel Vendor 19,,
TA1152,2026-08-07,2026-08,Travel,68.46,Travel Vendor 16,,
TA1153,2026-08-09,2026-08,Travel,161.67,Travel Vendor 13,,
TA1154,2026-08-17,2026-08,Travel,182.6,Travel Vendor 33,,
TA1155,2026-08-14,2026-08,Travel,159.95,Travel Vendor 17,,
TA1156,2026-08-15,2026-08,Travel,143.6,Travel Vendor 20,,
TA1157,2026-08-13,2026-08,Travel,148.85,Travel Vendor 30,,
TA1158,2026-08-04,2026-08,Travel,66.02,Travel Vendor 09,,
TA1159,2026-08-26,2026-08,Travel,148.34,Travel Vendor 03,,
TA1160,2026-08-20,2026-08,Travel,188.48,Travel Vendor 34,,
TA1161,2026-08-24,2026-08,Travel,156.25,Travel Vendor 08,,
TA1162,2026-08-12,2026-08,Travel,142.79,Travel Vendor 24,,
TA1163,2026-08-28,2026-08,Travel,92.38,Travel Vendor 32,,
TA1164,2026-08-02,2026-08,Travel,117.83,Travel Vendor 01,,
TA1165,2026-08-03,2026-08,Travel,70.63,Travel Vendor 02,,
TA1166,2026-08-07,2026-08,Travel,120.39,Travel Vendor 30,,
TA1167,2026-08-23,2026-08,Travel,70.47,Travel Vendor 18,,
TA1168,2026-08-11,2026-08,Travel,169.19,Travel Vendor 38,,
TA1169,2026-08-06,2026-08,Travel,184.38,Travel Vendor 07,,
TA1170,2026-08-21,2026-08,Travel,84.17,Travel Vendor 32,,
TA1171,2026-08-09,2026-08,Travel,103.72,Travel Vendor 10,,
TA1172,2026-08-08,2026-08,Travel,121.61,Travel Vendor 14,,
TA1173,2026-08-09,2026-08,Travel,93.74,Travel Vendor 03,,
TA1174,2026-08-08,2026-08,Travel,80.94,Travel Vendor 39,,
TA1175,2026-08-10,2026-08,Travel,186.24,Travel Vendor 04,,
TA1176,2026-08-21,2026-08,Travel,109.81,Travel Vendor 39,,
TA1177,2026-08-28,2026-08,Travel,185.82,Travel Vendor 13,,
TA1178,2026-08-04,2026-08,Travel,114.12,Travel Vendor 30,,
TA1179,2026-08-26,2026-08,Travel,100.66,Travel Vendor 03,,
TA1180,2026-08-24,2026-08,Travel,109.86,Travel Vendor 29,,
TA1181,2026-08-16,2026-08,Travel,166.98,Travel Vendor 12,,
TA1182,2026-08-09,2026-08,Travel,80.86,Travel Vendor 07,,
TA1183,2026-08-18,2026-08,Travel,101.37,Travel Vendor 10,,
TA1184,2026-08-05,2026-08,Travel,176.85,Travel Vendor 30,,
TA1185,2026-08-16,2026-08,Travel,181.32,Travel Vendor 36,,
TA1186,2026-08-12,2026-08,Travel,72.86,Travel Vendor 31,,
TA1187,2026-08-25,2026-08,Travel,186.63,Travel Vendor 21,,
TA1188,2026-08-06,2026-08,Travel,104.56,Travel Vendor 06,,
TA1189,2026-08-12,2026-08,Travel,109.36,Travel Vendor 07,,
TA1190,2026-08-05,2026-08,Travel,124.83,Travel Vendor 18,,
TA1191,2026-08-11,2026-08,Travel,110.05,Travel Vendor 35,,
TA1192,2026-08-06,2026-08,Travel,100.8,Travel Vendor 01,,
TA1193,2026-08-11,2026-08,Travel,86.59,Travel Vendor 07,,
TA1194,2026-08-10,2026-08,Travel,119.18,Travel Vendor 23,,
TA1195,2026-08-19,2026-08,Travel,161.14,Travel Vendor 23,,
TA1196,2026-08-16,2026-08,Travel,183.42,Travel Vendor 12,,
TA1197,2026-08-18,2026-08,Travel,184.56,Travel Vendor 11,,
TA1198,2026-08-12,2026-08,Travel,84.48,Travel Vendor 12,,
TA1199,2026-08-10,2026-08,Travel,98.1,Travel Vendor 15,,
TA1200,2026-08-23,2026-08,Travel,186.48,Travel Vendor 04,,
TA1201,2026-08-14,2026-08,Travel,61.28,Travel Vendor 35,,
TA1202,2026-08-03,2026-08,Travel,86.75,Travel Vendor 32,,
TA1203,2026-08-22,2026-08,Travel,75.36,Travel Vendor 15,,
TA1204,2026-08-22,2026-08,Travel,74.35,Travel Vendor 18,,
TA1205,2026-08-04,2026-08,Travel,188.98,Travel Vendor 37,,
TA1206,2026-08-23,2026-08,Travel,146.79,Travel Vendor 17,,
TA1207,2026-08-02,2026-08,Travel,186.74,Travel Vendor 05,,
TA1208,2026-08-09,2026-08,Travel,100.69,Travel Vendor 36,,
TA1209,2026-08-23,2026-08,Travel,61.15,Travel Vendor 26,,
TA1210,2026-08-12,2026-08,Travel,177.33,Travel Vendor 37,,
TA1211,2026-08-18,2026-08,Travel,167.16,Travel Vendor 00,,
TA1212,2026-08-19,2026-08,Travel,86.35,Travel Vendor 11,,
TA1213,2026-08-27,2026-08,Travel,89.14,Travel Vendor 13,,
TA1214,2026-08-04,2026-08,Travel,94.77,Travel Vendor 32,,
TA1215,2026-08-11,2026-08,Travel,147.73,Travel Vendor 24,,
TA1216,2026-08-13,2026-08,Travel,189.05,Travel Vendor 01,,
TA1217,2026-08-03,2026-08,Travel,137.55,Travel Vendor 27,,
TA1218,2026-08-04,2026-08,Travel,167.85,Travel Vendor 17,,
TA1219,2026-08-17,2026-08,Travel,79.23,Travel Vendor 23,,
TA1220,2026-08-28,2026-08,Travel,146.04,Travel Vendor 01,,
TA1221,2026-08-02,2026-08,Travel,189.17,Travel Vendor 39,,
TA1222,2026-08-18,2026-08,Travel,144.95,Travel Vendor 10,,
TA1223,2026-08-12,2026-08,Travel,154.39,Travel Vendor 35,,
TA1224,2026-08-05,2026-08,Travel,106.67,Travel Vendor 23,,
TA1225,2026-08-09,2026-08,Travel,130.66,Travel Vendor 10,,
TA1226,2026-08-06,2026-08,Travel,79.72,Travel Vendor 07,,
TA1227,2026-08-19,2026-08,Travel,163.59,Travel Vendor 07,,
TA1228,2026-08-06,2026-08,Travel,100.21,Travel Vendor 36,,
TA1229,2026-08-19,2026-08,Travel,72.49,Travel Vendor 31,,
TA1230,2026-08-14,2026-08,Travel,120.23,Travel Vendor 00,,
TA1231,2026-08-24,2026-08,Travel,67.55,Travel Vendor 27,,
TA1232,2026-08-05,2026-08,Travel,90.78,Travel Vendor 00,,
TA1233,2026-08-08,2026-08,Travel,176.4,Travel Vendor 22,,
TA1234,2026-08-08,2026-08,Travel,160.57,Travel Vendor 30,,
TA1235,2026-08-19,2026-08,Travel,110.38,Travel Vendor 21,,
TA1236,2026-08-16,2026-08,Travel,159.46,Travel Vendor 14,,
TA1237,2026-08-22,2026-08,Travel,189.03,Travel Vendor 03,,
TA1238,2026-08-15,2026-08,Travel,188.41,Travel Vendor 15,,
TA1239,2026-08-02,2026-08,Travel,138.52,Travel Vendor 11,,
TA1240,2026-08-07,2026-08,Travel,69.04,Travel Vendor 05,,
TA1241,2026-08-25,2026-08,Travel,103.11,Travel Vendor 05,,
TA1242,2026-08-11,2026-08,Travel,144.35,Travel Vendor 27,,
TA1243,2026-08-25,2026-08,Travel,100.11,Travel Vendor 32,,
TA1244,2026-08-25,2026-08,Travel,181.76,Travel Vendor 15,,
TA1245,2026-08-22,2026-08,Travel,80.11,Travel Vendor 19,,
TA1246,2026-08-14,2026-08,Travel,102.16,Travel Vendor 06,,
TA1247,2026-08-23,2026-08,Travel,126.76,Travel Vendor 10,,
TA1248,2026-08-19,2026-08,Travel,65.9,Travel Vendor 07,,
TA1249,2026-08-28,2026-08,Travel,155.54,Travel Vendor 10,,
TA1250,2026-08-27,2026-08,Travel,141.27,Travel Vendor 03,,
TA1251,2026-08-10,2026-08,Travel,125.9,Travel Vendor 21,,
TA1252,2026-08-02,2026-08,Travel,73.32,Travel Vendor 12,,
TA1253,2026-08-17,2026-08,Travel,112.58,Travel Vendor 14,,
TA1254,2026-08-22,2026-08,Travel,87.23,Travel Vendor 16,,
TA1255,2026-08-22,2026-08,Travel,119.0,Travel Vendor 15,,
TA1256,2026-08-15,2026-08,Travel,60.46,Travel Vendor 14,,
TA1257,2026-08-22,2026-08,Travel,111.79,Travel Vendor 12,,
TA1258,2026-08-14,2026-08,Travel,71.42,Travel Vendor 18,,
TA1259,2026-08-12,2026-08,Travel,103.55,Travel Vendor 17,,
TA1260,2026-08-22,2026-08,Travel,147.19,Travel Vendor 14,,
TA1261,2026-08-02,2026-08,Travel,112.1,Travel Vendor 27,,
TA1262,2026-08-03,2026-08,Travel,80.25,Travel Vendor 04,,
TA1263,2026-08-02,2026-08,Travel,130.59,Travel Vendor 16,,
TA1264,2026-08-21,2026-08,Travel,72.98,Travel Vendor 32,,
TA1265,2026-08-22,2026-08,Travel,123.5,Travel Vendor 12,,
TA1266,2026-08-04,2026-08,Travel,147.08,Travel Vendor 31,,
TA1267,2026-08-19,2026-08,Travel,165.14,Travel Vendor 18,,
TA1268,2026-08-03,2026-08,Travel,181.41,Travel Vendor 30,,
TA1269,2026-08-05,2026-08,Travel,78.37,Travel Vendor 30,,
TA1270,2026-08-14,2026-08,Travel,76.52,Travel Vendor 01,,
TA1271,2026-08-23,2026-08,Travel,84.03,Travel Vendor 02,,
TA1272,2026-08-26,2026-08,Travel,152.99,Travel Vendor 04,,
TA1273,2026-08-04,2026-08,Travel,164.23,Travel Vendor 15,,
TA1274,2026-08-02,2026-08,Travel,88.73,Travel Vendor 17,,
TA1275,2026-08-12,2026-08,Travel,82.17,Travel Vendor 23,,
TA1276,2026-08-14,2026-08,Travel,152.59,Travel Vendor 17,,
TA1277,2026-08-06,2026-08,Travel,187.16,Travel Vendor 28,,
TA1278,2026-08-06,2026-08,Travel,60.47,Travel Vendor 05,,
TA1279,2026-08-18,2026-08,Travel,154.39,Travel Vendor 15,,
TA1280,2026-08-21,2026-08,Travel,177.94,Travel Vendor 16,,
TA1281,2026-08-23,2026-08,Travel,75.21,Travel Vendor 24,,
TA1282,2026-08-03,2026-08,Travel,147.29,Travel Vendor 00,,
TA1283,2026-08-05,2026-08,Travel,65.5,Travel Vendor 22,,
TA1284,2026-08-03,2026-08,Travel,173.7,Travel Vendor 37,,
TA1285,2026-08-11,2026-08,Travel,170.08,Travel Vendor 35,,
TA1286,2026-08-28,2026-08,Travel,181.47,Travel Vendor 28,,
TA1287,2026-08-21,2026-08,Travel,162.06,Travel Vendor 36,,
TA1288,2026-08-18,2026-08,Travel,85.55,Travel Vendor 33,,
TA1289,2026-08-07,2026-08,Travel,122.79,Travel Vendor 21,,
TA1290,2026-08-05,2026-08,Travel,108.58,Travel Vendor 32,,
TA1291,2026-08-18,2026-08,Travel,136.45,Travel Vendor 14,,
TA1292,2026-08-20,2026-08,Travel,96.06,Travel Vendor 32,,
TA1293,2026-08-05,2026-08,Travel,125.51,Travel Vendor 26,,
TA1294,2026-08-14,2026-08,Travel,146.34,Travel Vendor 11,,
TA1295,2026-08-02,2026-08,Travel,129.14,Travel Vendor 17,,
TA1296,2026-08-04,2026-08,Travel,160.11,Travel Vendor 28,,
TA1297,2026-08-25,2026-08,Travel,108.75,Travel Vendor 30,,
TA1298,2026-08-08,2026-08,Travel,151.57,Travel Vendor 32,,
TA1299,2026-08-18,2026-08,Travel,108.77,Travel Vendor 18,,
TA1300,2026-08-10,2026-08,Travel,112.26,Travel Vendor 02,,
TA1301,2026-08-27,2026-08,Travel,93.38,Travel Vendor 20,,
TA1302,2026-08-24,2026-08,Travel,148.61,Travel Vendor 28,,
TA1303,2026-08-28,2026-08,Travel,106.53,Travel Vendor 19,,
TA1304,2026-08-15,2026-08,Travel,106.73,Travel Vendor 23,,
TA1305,2026-08-24,2026-08,Travel,145.04,Travel Vendor 14,,
TA1306,2026-08-26,2026-08,Travel,116.18,Travel Vendor 16,,
TA1307,2026-08-21,2026-08,Travel,107.64,Travel Vendor 01,,
TA1308,2026-08-09,2026-08,Travel,131.29,Travel Vendor 21,,
TA1309,2026-08-12,2026-08,Travel,113.25,Travel Vendor 27,,
TA1310,2026-08-20,2026-08,Travel,128.22,Travel Vendor 19,,
TA1311,2026-08-26,2026-08,Travel,163.37,Travel Vendor 21,,
TA1312,2026-08-11,2026-08,Travel,121.39,Travel Vendor 11,,
TA1313,2026-08-16,2026-08,Travel,73.27,Travel Vendor 12,,
TA1314,2026-08-09,2026-08,Travel,176.52,Travel Vendor 02,,
TA1315,2026-08-23,2026-08,Travel,77.05,Travel Vendor 21,,
TA1316,2026-08-28,2026-08,Travel,114.62,Travel Vendor 28,,
TA1317,2026-08-10,2026-08,Travel,114.76,Travel Vendor 20,,
TA1318,2026-08-05,2026-08,Travel,186.65,Travel Vendor 11,,
TA1319,2026-08-23,2026-08,Travel,80.51,Travel Vendor 17,,
TA1320,2026-08-02,2026-08,Travel,179.87,Travel Vendor 15,,
TA1321,2026-08-11,2026-08,Travel,64.77,Travel Vendor 11,,
TA1322,2026-08-02,2026-08,Travel,115.54,Travel Vendor 12,,
TA1323,2026-08-05,2026-08,Travel,160.46,Travel Vendor 23,,
TA1324,2026-08-17,2026-08,Travel,75.51,Travel Vendor 17,,
TA1325,2026-08-15,2026-08,Travel,126.37,Travel Vendor 38,,
TA1326,2026-08-09,2026-08,Travel,188.28,Travel Vendor 25,,
TA1327,2026-08-13,2026-08,Travel,84.16,Travel Vendor 00,,
TA1328,2026-08-24,2026-08,Travel,108.33,Travel Vendor 20,,
TA1329,2026-08-11,2026-08,Travel,76.48,Travel Vendor 02,,
TA1330,2026-08-20,2026-08,Travel,153.15,Travel Vendor 13,,
TA1331,2026-08-01,2026-08,Travel,135.32,Travel Vendor 36,,
TA1332,2026-08-20,2026-08,Travel,90.13,Travel Vendor 06,,
TA1333,2026-08-07,2026-08,Travel,152.06,Travel Vendor 15,,
TA1334,2026-08-08,2026-08,Travel,121.27,Travel Vendor 36,,
TA1335,2026-08-11,2026-08,Travel,75.77,Travel Vendor 36,,
TA1336,2026-08-11,2026-08,Travel,127.08,Travel Vendor 38,,
TA1337,2026-08-03,2026-08,Travel,126.3,Travel Vendor 07,,
TA1338,2026-08-08,2026-08,Travel,87.67,Travel Vendor 19,,
TA1339,2026-08-14,2026-08,Travel,178.97,Travel Vendor 00,,
TA1340,2026-08-08,2026-08,Travel,75.08,Travel Vendor 25,,
TA1341,2026-08-08,2026-08,Travel,145.0,Travel Vendor 27,,
TA1342,2026-08-08,2026-08,Travel,103.36,Travel Vendor 15,,
TA1343,2026-08-13,2026-08,Travel,142.38,Travel Vendor 33,,
TA1344,2026-08-26,2026-08,Travel,131.52,Travel Vendor 19,,
TA1345,2026-08-09,2026-08,Travel,121.02,Travel Vendor 30,,
TA1346,2026-08-15,2026-08,Travel,188.31,Travel Vendor 03,,
TA1347,2026-08-22,2026-08,Travel,109.44,Travel Vendor 14,,
TA1348,2026-08-20,2026-08,Travel,141.24,Travel Vendor 38,,
TA1349,2026-08-27,2026-08,Travel,121.04,Travel Vendor 24,,
TA1350,2026-08-06,2026-08,Travel,163.95,Travel Vendor 06,,
TA1351,2026-08-09,2026-08,Travel,158.64,Travel Vendor 28,,
TA1352,2026-08-03,2026-08,Travel,100.39,Travel Vendor 13,,
TA1353,2026-08-23,2026-08,Travel,60.28,Travel Vendor 05,,
TA1354,2026-08-03,2026-08,Travel,83.9,Travel Vendor 00,,
TA1355,2026-08-14,2026-08,Travel,113.34,Travel Vendor 29,,
TA1356,2026-08-10,2026-08,Travel,179.49,Travel Vendor 22,,
TA1357,2026-08-17,2026-08,Travel,107.9,Travel Vendor 10,,
TA1358,2026-08-04,2026-08,Travel,126.38,Travel Vendor 31,,
TA1359,2026-08-04,2026-08,Travel,108.34,Travel Vendor 34,,
TA1360,2026-08-07,2026-08,Travel,88.66,Travel Vendor 24,,
TA1361,2026-08-12,2026-08,Travel,170.23,Travel Vendor 38,,
TA1362,2026-08-20,2026-08,Travel,132.7,Travel Vendor 17,,
TA1363,2026-08-10,2026-08,Travel,158.99,Travel Vendor 39,,
TA1364,2026-08-23,2026-08,Travel,108.02,Travel Vendor 07,,
TA1365,2026-08-12,2026-08,Travel,145.34,Travel Vendor 34,,
TA1366,2026-08-21,2026-08,Travel,102.58,Travel Vendor 21,,
TA1367,2026-08-22,2026-08,Travel,169.85,Travel Vendor 21,,
TA1368,2026-08-06,2026-08,Travel,114.26,Travel Vendor 23,,
TA1369,2026-08-08,2026-08,Travel,112.26,Travel Vendor 10,,
TA1370,2026-08-22,2026-08,Travel,85.7,Travel Vendor 34,,
TA1371,2026-08-15,2026-08,Travel,106.89,Travel Vendor 16,,
TA1372,2026-08-08,2026-08,Travel,82.4,Travel Vendor 29,,
TA1373,2026-08-06,2026-08,Travel,168.15,Travel Vendor 23,,
TA1374,2026-08-27,2026-08,Travel,155.36,Travel Vendor 01,,
TA1375,2026-08-13,2026-08,Travel,88.56,Travel Vendor 20,,
TA1376,2026-08-22,2026-08,Travel,112.19,Travel Vendor 02,,
TA1377,2026-08-16,2026-08,Travel,130.95,Travel Vendor 12,,
TA1378,2026-08-18,2026-08,Travel,82.49,Travel Vendor 11,,
TA1379,2026-08-23,2026-08,Travel,84.21,Travel Vendor 32,,
TA1380,2026-08-05,2026-08,Travel,151.28,Travel Vendor 10,,
TA1381,2026-08-22,2026-08,Travel,126.24,Travel Vendor 20,,
TA1382,2026-08-10,2026-08,Travel,131.58,Travel Vendor 08,,
TA1383,2026-08-23,2026-08,Travel,122.84,Travel Vendor 39,,
TA1384,2026-08-04,2026-08,Travel,77.52,Travel Vendor 19,,
TA1385,2026-08-10,2026-08,Travel,148.22,Travel Vendor 34,,
TA1386,2026-08-20,2026-08,Travel,162.38,Travel Vendor 36,,
TA1387,2026-08-27,2026-08,Travel,88.88,Travel Vendor 28,,
TA1388,2026-08-24,2026-08,Travel,167.92,Travel Vendor 36,,
TA1389,2026-08-05,2026-08,Travel,157.91,Travel Vendor 23,,
TA1390,2026-08-16,2026-08,Travel,118.3,Travel Vendor 10,,
TA1391,2026-08-27,2026-08,Travel,67.72,Travel Vendor 06,,
TA1392,2026-08-03,2026-08,Travel,139.54,Travel Vendor 02,,
TA1393,2026-08-19,2026-08,Travel,181.41,Travel Vendor 32,,
TA1394,2026-08-24,2026-08,Travel,79.19,Travel Vendor 04,,
TA1395,2026-08-06,2026-08,Travel,177.74,Travel Vendor 33,,
TA1396,2026-08-01,2026-08,Travel,62.05,Travel Vendor 14,,
TA1397,2026-08-15,2026-08,Travel,71.3,Travel Vendor 29,,
TA1398,2026-08-18,2026-08,Travel,91.03,Travel Vendor 11,,
TA1399,2026-08-07,2026-08,Travel,100.82,Travel Vendor 21,,
TA1400,2026-08-20,2026-08,Travel,63.38,Travel Vendor 21,,
TA1401,2026-08-12,2026-08,Travel,68.59,Travel Vendor 04,,
TA1402,2026-08-01,2026-08,Travel,141.14,Travel Vendor 07,,
TA1403,2026-08-02,2026-08,Travel,80.76,Travel Vendor 18,,
TA1404,2026-08-22,2026-08,Travel,96.24,Travel Vendor 05,,
TA1405,2026-08-28,2026-08,Travel,86.64,Travel Vendor 28,,
TA1406,2026-08-20,2026-08,Travel,163.45,Travel Vendor 17,,
TA1407,2026-08-18,2026-08,Travel,180.44,Travel Vendor 03,,
TA1408,2026-08-24,2026-08,Travel,97.22,Travel Vendor 19,,
TA1409,2026-08-03,2026-08,Travel,183.37,Travel Vendor 35,,
TA1410,2026-08-16,2026-08,Travel,139.6,Travel Vendor 09,,
TA1411,2026-08-13,2026-08,Travel,150.91,Travel Vendor 29,,
TA1412,2026-08-13,2026-08,Travel,162.19,Travel Vendor 29,,
TA1413,2026-08-27,2026-08,Travel,85.57,Travel Vendor 14,,
TA1414,2026-08-09,2026-08,Travel,95.2,Travel Vendor 32,,
TA1415,2026-08-08,2026-08,Travel,77.32,Travel Vendor 19,,
TA1416,2026-08-13,2026-08,Travel,65.93,Travel Vendor 06,,
TA1417,2026-08-07,2026-08,Travel,117.17,Travel Vendor 23,,
TA1418,2026-08-15,2026-08,Travel,126.28,Travel Vendor 32,,
TA1419,2026-08-16,2026-08,Travel,63.45,Travel Vendor 22,,
TA1420,2026-08-13,2026-08,Travel,87.27,Travel Vendor 22,,
TA1421,2026-08-16,2026-08,Travel,155.18,Travel Vendor 25,,
TA1422,2026-08-06,2026-08,Travel,128.2,Travel Vendor 09,,
TA1423,2026-08-14,2026-08,Travel,179.41,Travel Vendor 30,,
TA1424,2026-08-17,2026-08,Travel,87.25,Travel Vendor 12,,
TA1425,2026-08-21,2026-08,Travel,153.92,Travel Vendor 22,,
TA1426,2026-08-19,2026-08,Travel,165.62,Travel Vendor 06,,
TA1427,2026-08-09,2026-08,Travel,95.88,Travel Vendor 07,,
TA1428,2026-08-16,2026-08,Travel,96.65,Travel Vendor 37,,
TA1429,2026-08-19,2026-08,Travel,169.43,Travel Vendor 20,,
TA1430,2026-08-14,2026-08,Travel,164.97,Travel Vendor 19,,
TA1431,2026-08-09,2026-08,Travel,163.11,Travel Vendor 08,,
TA1432,2026-08-18,2026-08,Travel,131.83,Travel Vendor 36,,
TA1433,2026-08-21,2026-08,Travel,176.65,Travel Vendor 10,,
TA1434,2026-08-10,2026-08,Travel,147.39,Travel Vendor 06,,
TA1435,2026-08-26,2026-08,Travel,186.21,Travel Vendor 27,,
TA1436,2026-08-27,2026-08,Travel,120.72,Travel Vendor 27,,
TA1437,2026-08-07,2026-08,Travel,170.2,Travel Vendor 09,,
TA1438,2026-08-14,2026-08,Travel,82.4,Travel Vendor 09,,
TA1439,2026-08-11,2026-08,Travel,88.75,Travel Vendor 27,,
TA1440,2026-08-13,2026-08,Travel,96.09,Travel Vendor 06,,
TA1441,2026-08-06,2026-08,Travel,153.85,Travel Vendor 12,,
TA1442,2026-08-06,2026-08,Travel,121.76,Travel Vendor 34,,
TA1443,2026-08-07,2026-08,Travel,117.16,Travel Vendor 32,,
TA1444,2026-08-16,2026-08,Travel,168.79,Travel Vendor 01,,
TA1445,2026-08-28,2026-08,Travel,85.9,Travel Vendor 02,,
TA1446,2026-08-25,2026-08,Travel,143.98,Travel Vendor 06,,
TA1447,2026-08-18,2026-08,Travel,116.59,Travel Vendor 19,,
TA1448,2026-08-21,2026-08,Travel,154.5,Travel Vendor 14,,
TA1449,2026-08-19,2026-08,Travel,82.35,Travel Vendor 22,,
TA1450,2026-08-12,2026-08,Travel,73.56,Travel Vendor 04,,
TA1451,2026-08-21,2026-08,Travel,80.49,Travel Vendor 19,,
TA1452,2026-08-05,2026-08,Travel,92.82,Travel Vendor 06,,
TA1453,2026-08-02,2026-08,Travel,169.06,Travel Vendor 03,,
TA1454,2026-08-07,2026-08,Travel,92.29,Travel Vendor 05,,
TA1455,2026-08-09,2026-08,Travel,92.85,Travel Vendor 05,,
TA1456,2026-08-09,2026-08,Travel,123.62,Travel Vendor 16,,
TA1457,2026-08-01,2026-08,Travel,99.02,Travel Vendor 29,,
TA1458,2026-08-08,2026-08,Travel,108.3,Travel Vendor 26,,
TA1459,2026-08-04,2026-08,Travel,158.07,Travel Vendor 00,,
TA1460,2026-08-04,2026-08,Travel,102.81,Travel Vendor 06,,
TA1461,2026-08-15,2026-08,Travel,150.63,Travel Vendor 01,,
TA1462,2026-08-08,2026-08,Travel,87.17,Travel Vendor 02,,
TA1463,2026-08-11,2026-08,Travel,158.4,Travel Vendor 26,,
TA1464,2026-08-21,2026-08,Travel,181.04,Travel Vendor 25,,
TA1465,2026-08-08,2026-08,Travel,100.62,Travel Vendor 04,,
TA1466,2026-08-20,2026-08,Travel,183.23,Travel Vendor 32,,
TA1467,2026-08-24,2026-08,Travel,117.29,Travel Vendor 27,,
TA1468,2026-08-19,2026-08,Travel,159.92,Travel Vendor 30,,
TA1469,2026-08-09,2026-08,Travel,83.16,Travel Vendor 26,,
TA1470,2026-08-27,2026-08,Travel,113.0,Travel Vendor 03,,
TA1471,2026-08-18,2026-08,Travel,88.04,Travel Vendor 36,,
TA1472,2026-08-08,2026-08,Travel,189.38,Travel Vendor 32,,
TA1473,2026-08-28,2026-08,Travel,75.39,Travel Vendor 23,,
TA1474,2026-08-14,2026-08,Travel,187.17,Travel Vendor 00,,
TA1475,2026-08-09,2026-08,Travel,141.52,Travel Vendor 10,,
TA1476,2026-08-27,2026-08,Travel,85.04,Travel Vendor 08,,
TA1477,2026-08-28,2026-08,Travel,99.03,Travel Vendor 13,,
TA1478,2026-08-05,2026-08,Travel,143.54,Travel Vendor 00,,
TA1479,2026-08-22,2026-08,Travel,98.52,Travel Vendor 24,,
TA1480,2026-08-15,2026-08,Travel,153.62,Travel Vendor 33,,
TA1481,2026-08-20,2026-08,Travel,90.09,Travel Vendor 04,,
TA1482,2026-08-05,2026-08,Travel,66.31,Travel Vendor 05,,
TA1483,2026-08-10,2026-08,Travel,65.6,Travel Vendor 18,,
TA1484,2026-08-10,2026-08,Travel,163.42,Travel Vendor 10,,
TA1485,2026-08-04,2026-08,Travel,71.92,Travel Vendor 04,,
TA1486,2026-08-10,2026-08,Travel,63.27,Travel Vendor 23,,
TA1487,2026-08-23,2026-08,Travel,83.36,Travel Vendor 25,,
TA1488,2026-08-21,2026-08,Travel,125.17,Travel Vendor 26,,
TA1489,2026-08-04,2026-08,Travel,75.31,Travel Vendor 29,,
TA1490,2026-08-10,2026-08,Travel,123.32,Travel Vendor 28,,
TA1491,2026-08-13,2026-08,Travel,73.87,Travel Vendor 14,,
TA1492,2026-08-13,2026-08,Travel,185.94,Travel Vendor 20,,
TA1493,2026-08-16,2026-08,Travel,144.01,Travel Vendor 24,,
TA1494,2026-08-13,2026-08,Travel,127.48,Travel Vendor 35,,
TA1495,2026-08-09,2026-08,Travel,168.43,Travel Vendor 37,,
TA1496,2026-08-02,2026-08,Travel,144.72,Travel Vendor 16,,
TA1497,2026-08-28,2026-08,Travel,180.16,Travel Vendor 09,,
TA1498,2026-08-15,2026-08,Travel,110.67,Travel Vendor 39,,
TA1499,2026-08-09,2026-08,Travel,106.98,Travel Vendor 38,,
TA1500,2026-08-17,2026-08,Travel,82.27,Travel Vendor 09,,
TA1501,2026-08-09,2026-08,Travel,176.66,Travel Vendor 15,,
TA1502,2026-08-04,2026-08,Travel,132.91,Travel Vendor 26,,
TA1503,2026-08-03,2026-08,Travel,64.4,Travel Vendor 28,,
TA1504,2026-08-22,2026-08,Travel,179.03,Travel Vendor 19,,
TA1505,2026-08-19,2026-08,Travel,117.18,Travel Vendor 04,,
TA1506,2026-08-04,2026-08,Travel,180.14,Travel Vendor 06,,
TA1507,2026-08-13,2026-08,Travel,99.2,Travel Vendor 01,,
TA1508,2026-08-26,2026-08,Travel,108.81,Travel Vendor 08,,
TA1509,2026-08-26,2026-08,Travel,121.54,Travel Vendor 01,,
TA1510,2026-08-01,2026-08,Travel,79.64,Travel Vendor 14,,
TA1511,2026-08-21,2026-08,Travel,70.59,Travel Vendor 05,,
TA1512,2026-08-18,2026-08,Travel,85.28,Travel Vendor 33,,
TA1513,2026-08-03,2026-08,Travel,77.8,Travel Vendor 26,,
TA1514,2026-08-15,2026-08,Travel,92.74,Travel Vendor 15,,
TA1515,2026-08-11,2026-08,Travel,169.15,Travel Vendor 03,,
TA1516,2026-08-19,2026-08,Travel,156.49,Travel Vendor 06,,
TA1517,2026-08-18,2026-08,Travel,182.79,Travel Vendor 26,,
TA1518,2026-08-10,2026-08,Travel,137.69,Travel Vendor 07,,
TA1519,2026-08-04,2026-08,Travel,115.63,Travel Vendor 36,,
TA1520,2026-08-23,2026-08,Travel,87.93,Travel Vendor 17,,
TA1521,2026-08-22,2026-08,Travel,124.6,Travel Vendor 11,,
TA1522,2026-08-19,2026-08,Travel,116.82,Travel Vendor 18,,
TA1523,2026-08-15,2026-08,Travel,136.14,Travel Vendor 19,,
TA1524,2026-08-18,2026-08,Travel,95.73,Travel Vendor 32,,
TA1525,2026-08-03,2026-08,Travel,72.24,Travel Vendor 33,,
TA1526,2026-08-16,2026-08,Travel,104.25,Travel Vendor 23,,
TA1527,2026-08-04,2026-08,Travel,101.16,Travel Vendor 32,,
TA1528,2026-08-10,2026-08,Travel,153.54,Travel Vendor 23,,
TA1529,2026-08-08,2026-08,Travel,113.59,Travel Vendor 32,,
TA1530,2026-08-09,2026-08,Travel,137.36,Travel Vendor 38,,
TA1531,2026-08-08,2026-08,Travel,188.73,Travel Vendor 29,,
TA1532,2026-08-09,2026-08,Travel,183.0,Travel Vendor 39,,
TA1533,2026-08-26,2026-08,Travel,86.52,Travel Vendor 35,,
TA1534,2026-08-21,2026-08,Travel,76.64,Travel Vendor 35,,
TA1535,2026-08-01,2026-08,Travel,70.34,Travel Vendor 11,,
TA1536,2026-08-12,2026-08,Travel,93.68,Travel Vendor 39,,
TA1537,2026-08-07,2026-08,Travel,111.9,Travel Vendor 11,,
TA1538,2026-08-23,2026-08,Travel,144.59,Travel Vendor 19,,
TA1539,2026-08-22,2026-08,Travel,164.14,Travel Vendor 11,,
TA1540,2026-08-16,2026-08,Travel,143.46,Travel Vendor 33,,
TA1541,2026-08-22,2026-08,Travel,114.55,Travel Vendor 12,,
TA1542,2026-08-13,2026-08,Travel,110.83,Travel Vendor 27,,
TA1543,2026-08-07,2026-08,Travel,108.7,Travel Vendor 35,,
TA1544,2026-08-24,2026-08,Travel,186.9,Travel Vendor 18,,
TA1545,2026-08-13,2026-08,Travel,145.59,Travel Vendor 25,,
TA1546,2026-08-17,2026-08,Travel,111.44,Travel Vendor 24,,
TA1547,2026-08-05,2026-08,Travel,185.43,Travel Vendor 21,,
TA1548,2026-08-18,2026-08,Travel,120.53,Travel Vendor 05,,
TA1549,2026-08-08,2026-08,Travel,148.79,Travel Vendor 04,,
TA1550,2026-08-23,2026-08,Travel,132.6,Travel Vendor 11,,
TA1551,2026-08-27,2026-08,Travel,106.72,Travel Vendor 17,,
TA1552,2026-08-26,2026-08,Travel,119.7,Travel Vendor 21,,
TA1553,2026-08-10,2026-08,Travel,138.18,Travel Vendor 11,,
TA1554,2026-08-28,2026-08,Travel,130.97,Travel Vendor 11,,
TA1555,2026-08-06,2026-08,Travel,71.52,Travel Vendor 36,,
TA1556,2026-08-17,2026-08,Travel,87.56,Travel Vendor 21,,
TA1557,2026-08-28,2026-08,Travel,73.32,Travel Vendor 09,,
TA1558,2026-08-05,2026-08,Travel,153.22,Travel Vendor 14,,
TA1559,2026-08-28,2026-08,Travel,165.6,Travel Vendor 18,,
TA1560,2026-08-10,2026-08,Travel,70.68,Travel Vendor 13,,
TA1561,2026-08-13,2026-08,Travel,179.47,Travel Vendor 27,,
TA1562,2026-08-08,2026-08,Travel,109.39,Travel Vendor 00,,
TA1563,2026-08-15,2026-08,Travel,172.0,Travel Vendor 24,,
TA1564,2026-08-26,2026-08,Travel,60.06,Travel Vendor 14,,
TA1565,2026-08-13,2026-08,Travel,92.89,Travel Vendor 01,,
TA1566,2026-08-19,2026-08,Travel,72.94,Travel Vendor 26,,
TA1567,2026-08-19,2026-08,Travel,146.68,Travel Vendor 05,,
TA1568,2026-08-08,2026-08,Travel,118.29,Travel Vendor 13,,
TA1569,2026-08-02,2026-08,Travel,108.39,Travel Vendor 02,,
TA1570,2026-08-27,2026-08,Travel,76.2,Travel Vendor 37,,
TA1571,2026-08-01,2026-08,Travel,141.73,Travel Vendor 37,,
TA1572,2026-08-26,2026-08,Travel,174.97,Travel Vendor 31,,
TA1573,2026-08-18,2026-08,Travel,79.04,Travel Vendor 25,,
TA1574,2026-08-05,2026-08,Travel,176.36,Travel Vendor 29,,
TA1575,2026-08-09,2026-08,Travel,104.94,Travel Vendor 10,,
TA1576,2026-08-07,2026-08,Travel,71.7,Travel Vendor 36,,
TA1577,2026-08-26,2026-08,Travel,161.3,Travel Vendor 21,,
TA1578,2026-08-20,2026-08,Travel,116.38,Travel Vendor 12,,
TA1579,2026-08-26,2026-08,Travel,97.66,Travel Vendor 20,,
TA1580,2026-08-02,2026-08,Travel,180.62,Travel Vendor 23,,
TA1581,2026-08-17,2026-08,Travel,73.28,Travel Vendor 21,,
TA1582,2026-08-09,2026-08,Travel,151.83,Travel Vendor 16,,
TA1583,2026-08-22,2026-08,Travel,95.63,Travel Vendor 27,,
TA1584,2026-08-25,2026-08,Travel,128.1,Travel Vendor 28,,
TA1585,2026-08-15,2026-08,Travel,120.72,Travel Vendor 36,,
TA1586,2026-08-11,2026-08,Travel,179.6,Travel Vendor 39,,
TA1587,2026-08-06,2026-08,Travel,165.17,Travel Vendor 15,,
TA1588,2026-08-24,2026-08,Travel,148.88,Travel Vendor 08,,
TA1589,2026-08-07,2026-08,Travel,77.65,Travel Vendor 31,,
TA1590,2026-08-22,2026-08,Travel,103.46,Travel Vendor 21,,
TA1591,2026-08-24,2026-08,Travel,117.93,Travel Vendor 02,,
TA1592,2026-08-21,2026-08,Travel,168.88,Travel Vendor 03,,
TA1593,2026-08-06,2026-08,Travel,117.98,Travel Vendor 04,,
TA1594,2026-08-15,2026-08,Travel,64.01,Travel Vendor 30,,
TA1595,2026-08-24,2026-08,Travel,113.57,Travel Vendor 05,,
TA1596,2026-08-14,2026-08,Travel,90.16,Travel Vendor 08,,
TA1597,2026-08-25,2026-08,Travel,66.51,Travel Vendor 26,,
TA1598,2026-08-08,2026-08,Travel,104.12,Travel Vendor 31,,
TA1599,2026-08-14,2026-08,Travel,111.36,Travel Vendor 32,,
