invoice_id,customer_id,customer_name,segment,issue_date,terms,due_date,amount,paid_date,days_late
SO-202409-00001,CUST-001,Copper Fork Group,Restaurant Group,2024-09-27,Net 45,2024-11-11,100349.47,2024-11-19,8
SO-202409-00002,CUST-002,Harborline Hospitality,Hotel & Hospitality,2024-09-29,Net 30,2024-10-29,74509.18,2024-11-06,8
SO-202409-00003,CUST-003,Vaughn & Sons Restaurant Co,Restaurant Group,2024-09-06,Net 45,2024-10-21,66459.96,2024-10-26,5
SO-202409-00004,CUST-004,Meridian Public Schools,Institutional,2024-09-08,Net 60,2024-11-07,64977.11,2024-11-24,17
SO-202409-00005,CUST-005,Bright Harbor Hotels,Hotel & Hospitality,2024-09-18,Net 30,2024-10-18,62435.0,2024-10-18,0
SO-202409-00006,CUST-006,Ridgeline Kitchens Group,Restaurant Group,2024-09-22,Net 30,2024-10-22,49971.13,2024-11-03,12
SO-202409-00007,CUST-007,Ashgrove Dining Partners,Restaurant Group,2024-09-12,Net 45,2024-10-27,36268.39,2024-11-03,7
SO-202409-00008,CUST-008,Northfield Medical Center,Institutional,2024-09-18,Net 60,2024-11-17,32809.35,2024-11-24,7
SO-202409-00009,CUST-009,Stonecrest Resale Supply,Distributor Resale,2024-09-09,Net 30,2024-10-09,35043.12,2024-10-21,12
SO-202409-00010,CUST-010,Lakeside Catering Co,Independent Restaurant,2024-09-02,Net 30,2024-10-02,40420.49,2024-10-08,6
SO-202409-00011,CUST-011,Sutton Kitchen,Institutional,2024-09-11,Net 45,2024-10-26,19117.72,2024-11-04,9
SO-202409-00012,CUST-012,Pendry Bistro,Institutional,2024-09-20,Net 45,2024-11-04,32128.81,2024-11-09,5
SO-202409-00013,CUST-013,Brackley Public House,Restaurant Group,2024-09-08,Net 15,2024-09-23,55166.34,2024-10-02,9
SO-202409-00014,CUST-014,Sutton Dining Co,Hotel & Hospitality,2024-09-26,Net 30,2024-10-26,24568.85,2024-11-03,8
SO-202409-00015,CUST-015,Pelham Dining Co,Restaurant Group,2024-09-20,Net 15,2024-10-05,44574.74,2024-10-05,0
SO-202409-00016,CUST-016,Marbury Food Hall,Restaurant Group,2024-09-25,Net 30,2024-10-25,23408.26,2024-11-01,7
SO-202409-00017,CUST-017,Weldon Kitchen,Distributor Resale,2024-09-28,Net 30,2024-10-28,27931.74,2024-10-30,2
SO-202409-00018,CUST-018,Pine Kitchen,Independent Restaurant,2024-09-15,Net 30,2024-10-15,39437.92,2024-10-23,8
SO-202409-00019,CUST-019,Birch Provisions,Independent Restaurant,2024-09-09,Net 30,2024-10-09,44738.8,2024-10-13,4
SO-202409-00020,CUST-020,Rushmoor Provisions,Independent Restaurant,2024-09-25,Net 30,2024-10-25,25581.53,2024-11-02,8
SO-202409-00021,CUST-021,Quarry Provisions,Independent Restaurant,2024-09-15,Net 15,2024-09-30,31059.78,2024-09-29,-1
SO-202409-00022,CUST-022,Ockham Provisions,Distributor Resale,2024-09-02,Net 45,2024-10-17,15184.9,2024-10-23,6
SO-202409-00023,CUST-023,Ashford Grill,Independent Restaurant,2024-09-14,Net 30,2024-10-14,31396.06,2024-10-19,5
SO-202409-00024,CUST-024,Hollow Kitchen,Independent Restaurant,2024-09-03,Net 30,2024-10-03,18388.66,2024-09-29,-4
SO-202409-00025,CUST-025,Pendry Food Hall,Restaurant Group,2024-09-09,Net 15,2024-09-24,27390.54,2024-09-28,4
SO-202409-00026,CUST-026,Old Tavern,Institutional,2024-09-29,Net 30,2024-10-29,24574.69,2024-11-11,13
SO-202409-00027,CUST-027,Wexley Dining Co,Hotel & Hospitality,2024-09-30,Net 30,2024-10-30,29360.93,2024-10-28,-2
SO-202409-00028,CUST-028,Gilman Food Hall,Independent Restaurant,2024-09-03,Net 45,2024-10-18,32201.03,2024-10-20,2
SO-202409-00029,CUST-029,Pine Bistro,Hotel & Hospitality,2024-09-20,Net 45,2024-11-04,31773.34,2024-11-04,0
SO-202409-00030,CUST-030,Norwood Food Hall,Independent Restaurant,2024-09-12,Net 15,2024-09-27,26587.58,2024-09-25,-2
SO-202409-00031,CUST-031,Sutton Eatery,Independent Restaurant,2024-09-10,Net 30,2024-10-10,22971.15,2024-10-11,1
SO-202409-00032,CUST-032,Ashford Dining Co,Institutional,2024-09-11,Net 30,2024-10-11,35243.58,2024-10-26,15
SO-202409-00033,CUST-033,Norwood Tavern,Independent Restaurant,2024-09-15,Net 15,2024-09-30,32709.79,2024-10-05,5
SO-202409-00034,CUST-034,Ravensworth Eatery,Independent Restaurant,2024-09-30,Net 15,2024-10-15,53456.12,2024-10-25,10
SO-202409-00035,CUST-035,Hollow Tavern,Independent Restaurant,2024-09-19,Net 45,2024-11-03,30585.4,2024-11-07,4
SO-202409-00036,CUST-036,Tarleton Food Hall,Independent Restaurant,2024-09-24,Net 30,2024-10-24,22402.07,2024-10-22,-2
SO-202409-00037,CUST-037,Tarleton Grill,Institutional,2024-09-03,Net 45,2024-10-18,44819.76,2024-10-24,6
SO-202409-00038,CUST-038,Old Tavern,Independent Restaurant,2024-09-19,Net 15,2024-10-04,17986.66,2024-10-17,13
SO-202409-00039,CUST-039,Hartwell Kitchen,Institutional,2024-09-22,Net 15,2024-10-07,28807.3,2024-10-15,8
SO-202409-00040,CUST-040,Marlow Hospitality Group,Restaurant Group,2024-09-25,Net 30,2024-10-25,21624.27,2024-11-05,11
SO-202409-00041,CUST-041,Quarry Dining Co,Distributor Resale,2024-09-02,Net 15,2024-09-17,29147.71,2024-09-16,-1
SO-202409-00042,CUST-042,Tarleton Grill,Independent Restaurant,2024-09-23,Net 15,2024-10-08,25370.72,2024-10-11,3
SO-202409-00043,CUST-043,Quarry Provisions,Independent Restaurant,2024-09-07,Net 30,2024-10-07,40922.7,2024-10-10,3
SO-202409-00044,CUST-044,Fairhaven Provisions,Distributor Resale,2024-09-09,Net 15,2024-09-24,29110.33,2024-09-27,3
SO-202409-00045,CUST-045,Weldon Grill,Hotel & Hospitality,2024-09-18,Net 30,2024-10-18,34706.47,2024-10-26,8
SO-202409-00046,CUST-046,Fairhaven Bistro,Institutional,2024-09-24,Net 30,2024-10-24,23353.89,2024-11-11,18
SO-202409-00047,CUST-023,Ashford Grill,Independent Restaurant,2024-09-02,Net 30,2024-10-02,23876.05,2024-10-03,1
SO-202409-00048,CUST-035,Hollow Tavern,Independent Restaurant,2024-09-12,Net 45,2024-10-27,22783.68,2024-10-29,2
SO-202409-00049,CUST-022,Ockham Provisions,Distributor Resale,2024-09-28,Net 45,2024-11-12,26670.68,2024-11-20,8
SO-202409-00050,CUST-020,Rushmoor Provisions,Independent Restaurant,2024-09-19,Net 30,2024-10-19,30869.32,2024-10-27,8
SO-202409-00051,CUST-042,Tarleton Grill,Independent Restaurant,2024-09-13,Net 15,2024-09-28,32118.87,2024-09-27,-1
SO-202409-00052,CUST-029,Pine Bistro,Hotel & Hospitality,2024-09-10,Net 45,2024-10-25,21930.82,2024-10-29,4
SO-202409-00053,CUST-036,Tarleton Food Hall,Independent Restaurant,2024-09-16,Net 30,2024-10-16,37752.57,2024-10-18,2
SO-202409-00054,CUST-001,Copper Fork Group,Restaurant Group,2024-09-25,Net 45,2024-11-09,369619.23,2024-11-14,5
SO-202410-00055,CUST-001,Copper Fork Group,Restaurant Group,2024-10-08,Net 45,2024-11-22,93900.66,2024-11-28,6
SO-202410-00056,CUST-002,Harborline Hospitality,Hotel & Hospitality,2024-10-05,Net 30,2024-11-04,82153.92,2024-11-05,1
SO-202410-00057,CUST-003,Vaughn & Sons Restaurant Co,Restaurant Group,2024-10-04,Net 45,2024-11-18,62889.84,2024-11-20,2
SO-202410-00058,CUST-004,Meridian Public Schools,Institutional,2024-10-11,Net 60,2024-12-10,55057.65,2024-12-25,15
SO-202410-00059,CUST-005,Bright Harbor Hotels,Hotel & Hospitality,2024-10-06,Net 30,2024-11-05,52989.68,2024-11-06,1
SO-202410-00060,CUST-006,Ridgeline Kitchens Group,Restaurant Group,2024-10-17,Net 30,2024-11-16,70980.09,2024-11-26,10
SO-202410-00061,CUST-007,Ashgrove Dining Partners,Restaurant Group,2024-10-03,Net 45,2024-11-17,53381.24,2024-11-21,4
SO-202410-00062,CUST-008,Northfield Medical Center,Institutional,2024-10-01,Net 60,2024-11-30,40792.69,2024-12-09,9
SO-202410-00063,CUST-009,Stonecrest Resale Supply,Distributor Resale,2024-10-25,Net 30,2024-11-24,47380.78,2024-11-30,6
SO-202410-00064,CUST-010,Lakeside Catering Co,Independent Restaurant,2024-10-10,Net 30,2024-11-09,36571.4,2024-11-18,9
SO-202410-00065,CUST-011,Sutton Kitchen,Institutional,2024-10-16,Net 45,2024-11-30,22434.72,2024-12-10,10
SO-202410-00066,CUST-012,Pendry Bistro,Institutional,2024-10-25,Net 45,2024-12-09,32464.36,2024-12-14,5
SO-202410-00067,CUST-013,Brackley Public House,Restaurant Group,2024-10-11,Net 15,2024-10-26,59977.76,2024-11-02,7
SO-202410-00068,CUST-014,Sutton Dining Co,Hotel & Hospitality,2024-10-13,Net 30,2024-11-12,20865.34,2024-11-24,12
SO-202410-00069,CUST-015,Pelham Dining Co,Restaurant Group,2024-10-16,Net 15,2024-10-31,38333.47,2024-10-28,-3
SO-202410-00070,CUST-016,Marbury Food Hall,Restaurant Group,2024-10-23,Net 30,2024-11-22,30800.15,2024-12-01,9
SO-202410-00071,CUST-017,Weldon Kitchen,Distributor Resale,2024-10-27,Net 30,2024-11-26,33722.6,2024-11-29,3
SO-202410-00072,CUST-018,Pine Kitchen,Independent Restaurant,2024-10-15,Net 30,2024-11-14,42192.07,2024-11-21,7
SO-202410-00073,CUST-019,Birch Provisions,Independent Restaurant,2024-10-23,Net 30,2024-11-22,72714.97,2024-11-24,2
SO-202410-00074,CUST-020,Rushmoor Provisions,Independent Restaurant,2024-10-24,Net 30,2024-11-23,26753.01,2024-12-06,13
SO-202410-00075,CUST-021,Quarry Provisions,Independent Restaurant,2024-10-21,Net 15,2024-11-05,30574.46,2024-11-13,8
SO-202410-00076,CUST-022,Ockham Provisions,Distributor Resale,2024-10-18,Net 45,2024-12-02,18589.26,2024-12-06,4
SO-202410-00077,CUST-023,Ashford Grill,Independent Restaurant,2024-10-22,Net 30,2024-11-21,37465.7,2024-11-21,0
SO-202410-00078,CUST-024,Hollow Kitchen,Independent Restaurant,2024-10-25,Net 30,2024-11-24,17403.46,2024-11-25,1
SO-202410-00079,CUST-025,Pendry Food Hall,Restaurant Group,2024-10-13,Net 15,2024-10-28,33750.49,2024-11-01,4
SO-202410-00080,CUST-026,Old Tavern,Institutional,2024-10-12,Net 30,2024-11-11,55194.56,2024-11-20,9
SO-202410-00081,CUST-027,Wexley Dining Co,Hotel & Hospitality,2024-10-31,Net 30,2024-11-30,29799.96,2024-12-06,6
SO-202410-00082,CUST-028,Gilman Food Hall,Independent Restaurant,2024-10-16,Net 45,2024-11-30,35280.94,2024-12-04,4
SO-202410-00083,CUST-029,Pine Bistro,Hotel & Hospitality,2024-10-30,Net 45,2024-12-14,28628.04,2024-12-16,2
SO-202410-00084,CUST-030,Norwood Food Hall,Independent Restaurant,2024-10-11,Net 15,2024-10-26,36519.42,2024-10-25,-1
SO-202410-00085,CUST-031,Sutton Eatery,Independent Restaurant,2024-10-14,Net 30,2024-11-13,24726.32,2024-11-18,5
SO-202410-00086,CUST-032,Ashford Dining Co,Institutional,2024-10-14,Net 30,2024-11-13,40583.12,2024-11-22,9
SO-202410-00087,CUST-033,Norwood Tavern,Independent Restaurant,2024-10-24,Net 15,2024-11-08,35832.59,2024-11-16,8
SO-202410-00088,CUST-034,Ravensworth Eatery,Independent Restaurant,2024-10-23,Net 15,2024-11-07,47889.2,2024-11-14,7
SO-202410-00089,CUST-035,Hollow Tavern,Independent Restaurant,2024-10-29,Net 45,2024-12-13,41204.32,2024-12-16,3
SO-202410-00090,CUST-036,Tarleton Food Hall,Independent Restaurant,2024-10-09,Net 30,2024-11-08,15952.82,2024-11-11,3
SO-202410-00091,CUST-037,Tarleton Grill,Institutional,2024-10-11,Net 45,2024-11-25,30983.98,2024-12-02,7
SO-202410-00092,CUST-038,Old Tavern,Independent Restaurant,2024-10-09,Net 15,2024-10-24,25596.46,2024-11-03,10
SO-202410-00093,CUST-039,Hartwell Kitchen,Institutional,2024-10-31,Net 15,2024-11-15,48023.95,2024-11-22,7
SO-202410-00094,CUST-040,Marlow Hospitality Group,Restaurant Group,2024-10-23,Net 30,2024-11-22,24045.08,2024-12-03,11
SO-202410-00095,CUST-041,Quarry Dining Co,Distributor Resale,2024-10-21,Net 15,2024-11-05,33403.83,2024-11-06,1
SO-202410-00096,CUST-042,Tarleton Grill,Independent Restaurant,2024-10-15,Net 15,2024-10-30,27075.78,2024-10-27,-3
SO-202410-00097,CUST-043,Quarry Provisions,Independent Restaurant,2024-10-09,Net 30,2024-11-08,37693.21,2024-11-15,7
SO-202410-00098,CUST-044,Fairhaven Provisions,Distributor Resale,2024-10-06,Net 15,2024-10-21,28254.75,2024-10-23,2
SO-202410-00099,CUST-045,Weldon Grill,Hotel & Hospitality,2024-10-14,Net 30,2024-11-13,34553.97,2024-11-20,7
SO-202410-00100,CUST-046,Fairhaven Bistro,Institutional,2024-10-17,Net 30,2024-11-16,29602.31,2024-12-02,16
SO-202410-00101,CUST-023,Ashford Grill,Independent Restaurant,2024-10-03,Net 30,2024-11-02,34045.68,2024-11-07,5
SO-202410-00102,CUST-035,Hollow Tavern,Independent Restaurant,2024-10-06,Net 45,2024-11-20,19650.13,2024-11-27,7
SO-202410-00103,CUST-022,Ockham Provisions,Distributor Resale,2024-10-12,Net 45,2024-11-26,21236.53,2024-12-04,8
SO-202410-00104,CUST-020,Rushmoor Provisions,Independent Restaurant,2024-10-15,Net 30,2024-11-14,23107.84,2024-11-21,7
SO-202410-00105,CUST-042,Tarleton Grill,Independent Restaurant,2024-10-22,Net 15,2024-11-06,22493.01,2024-11-07,1
SO-202410-00106,CUST-029,Pine Bistro,Hotel & Hospitality,2024-10-05,Net 45,2024-11-19,23015.22,2024-11-22,3
SO-202410-00107,CUST-036,Tarleton Food Hall,Independent Restaurant,2024-10-09,Net 30,2024-11-08,20406.11,2024-11-10,2
SO-202411-00108,CUST-001,Copper Fork Group,Restaurant Group,2024-11-20,Net 45,2025-01-04,103823.11,2025-01-11,7
SO-202411-00109,CUST-002,Harborline Hospitality,Hotel & Hospitality,2024-11-22,Net 30,2024-12-22,89644.36,2024-12-26,4
SO-202411-00110,CUST-003,Vaughn & Sons Restaurant Co,Restaurant Group,2024-11-10,Net 45,2024-12-25,92370.96,2024-12-28,3
SO-202411-00111,CUST-004,Meridian Public Schools,Institutional,2024-11-24,Net 60,2025-01-23,96214.84,2025-02-03,11
SO-202411-00112,CUST-005,Bright Harbor Hotels,Hotel & Hospitality,2024-11-11,Net 30,2024-12-11,54525.54,2024-12-11,0
SO-202411-00113,CUST-006,Ridgeline Kitchens Group,Restaurant Group,2024-11-28,Net 30,2024-12-28,65244.37,2025-01-06,9
SO-202411-00114,CUST-007,Ashgrove Dining Partners,Restaurant Group,2024-11-09,Net 45,2024-12-24,50060.93,2024-12-23,-1
SO-202411-00115,CUST-008,Northfield Medical Center,Institutional,2024-11-13,Net 60,2025-01-12,53202.99,2025-01-18,6
SO-202411-00116,CUST-009,Stonecrest Resale Supply,Distributor Resale,2024-11-13,Net 30,2024-12-13,49302.4,2024-12-17,4
SO-202411-00117,CUST-010,Lakeside Catering Co,Independent Restaurant,2024-11-05,Net 30,2024-12-05,46614.61,2024-12-07,2
SO-202411-00118,CUST-011,Sutton Kitchen,Institutional,2024-11-14,Net 45,2024-12-29,22899.29,2025-01-12,14
SO-202411-00119,CUST-012,Pendry Bistro,Institutional,2024-11-14,Net 45,2024-12-29,37041.68,2025-01-02,4
SO-202411-00120,CUST-013,Brackley Public House,Restaurant Group,2024-11-18,Net 15,2024-12-03,49548.47,2024-12-06,3
SO-202411-00121,CUST-014,Sutton Dining Co,Hotel & Hospitality,2024-11-02,Net 30,2024-12-02,21260.67,2024-12-14,12
SO-202411-00122,CUST-015,Pelham Dining Co,Restaurant Group,2024-11-16,Net 15,2024-12-01,35563.37,2024-11-28,-3
SO-202411-00123,CUST-016,Marbury Food Hall,Restaurant Group,2024-11-25,Net 30,2024-12-25,26504.98,2025-01-02,8
SO-202411-00124,CUST-017,Weldon Kitchen,Distributor Resale,2024-11-09,Net 30,2024-12-09,40686.85,2024-12-13,4
SO-202411-00125,CUST-018,Pine Kitchen,Independent Restaurant,2024-11-13,Net 30,2024-12-13,48244.54,2024-12-15,2
SO-202411-00126,CUST-019,Birch Provisions,Independent Restaurant,2024-11-08,Net 30,2024-12-08,59595.17,2024-12-11,3
SO-202411-00127,CUST-020,Rushmoor Provisions,Independent Restaurant,2024-11-22,Net 30,2024-12-22,34162.82,2025-01-03,12
SO-202411-00128,CUST-021,Quarry Provisions,Independent Restaurant,2024-11-22,Net 15,2024-12-07,27740.16,2024-12-10,3
SO-202411-00129,CUST-022,Ockham Provisions,Distributor Resale,2024-11-22,Net 45,2025-01-06,16500.78,2025-01-17,11
SO-202411-00130,CUST-023,Ashford Grill,Independent Restaurant,2024-11-09,Net 30,2024-12-09,35118.94,2024-12-06,-3
SO-202411-00131,CUST-024,Hollow Kitchen,Independent Restaurant,2024-11-22,Net 30,2024-12-22,29130.71,2024-12-26,4
SO-202411-00132,CUST-025,Pendry Food Hall,Restaurant Group,2024-11-19,Net 15,2024-12-04,31605.31,2024-12-15,11
SO-202411-00133,CUST-026,Old Tavern,Institutional,2024-11-22,Net 30,2024-12-22,39946.62,2024-12-31,9
SO-202411-00134,CUST-027,Wexley Dining Co,Hotel & Hospitality,2024-11-23,Net 30,2024-12-23,42482.48,2024-12-27,4
SO-202411-00135,CUST-028,Gilman Food Hall,Independent Restaurant,2024-11-02,Net 45,2024-12-17,33690.46,2024-12-19,2
SO-202411-00136,CUST-029,Pine Bistro,Hotel & Hospitality,2024-11-21,Net 45,2025-01-05,37170.62,2025-01-08,3
SO-202411-00137,CUST-030,Norwood Food Hall,Independent Restaurant,2024-11-23,Net 15,2024-12-08,31194.62,2024-12-07,-1
SO-202411-00138,CUST-031,Sutton Eatery,Independent Restaurant,2024-11-25,Net 30,2024-12-25,27130.87,2024-12-28,3
SO-202411-00139,CUST-032,Ashford Dining Co,Institutional,2024-11-13,Net 30,2024-12-13,68446.91,2024-12-21,8
SO-202411-00140,CUST-033,Norwood Tavern,Independent Restaurant,2024-11-22,Net 15,2024-12-07,47612.9,2024-12-12,5
SO-202411-00141,CUST-034,Ravensworth Eatery,Independent Restaurant,2024-11-18,Net 15,2024-12-03,44590.84,2024-12-08,5
SO-202411-00142,CUST-035,Hollow Tavern,Independent Restaurant,2024-11-05,Net 45,2024-12-20,44165.74,2024-12-27,7
SO-202411-00143,CUST-036,Tarleton Food Hall,Independent Restaurant,2024-11-19,Net 30,2024-12-19,23653.27,2024-12-26,7
SO-202411-00144,CUST-037,Tarleton Grill,Institutional,2024-11-15,Net 45,2024-12-30,49579.23,2025-01-06,7
SO-202411-00145,CUST-038,Old Tavern,Independent Restaurant,2024-11-22,Net 15,2024-12-07,31465.36,2024-12-15,8
SO-202411-00146,CUST-039,Hartwell Kitchen,Institutional,2024-11-11,Net 15,2024-11-26,42150.28,2024-12-07,11
SO-202411-00147,CUST-040,Marlow Hospitality Group,Restaurant Group,2024-11-17,Net 30,2024-12-17,24711.94,2024-12-25,8
SO-202411-00148,CUST-041,Quarry Dining Co,Distributor Resale,2024-11-25,Net 15,2024-12-10,38649.7,2024-12-12,2
SO-202411-00149,CUST-042,Tarleton Grill,Independent Restaurant,2024-11-17,Net 15,2024-12-02,35074.22,2024-12-04,2
SO-202411-00150,CUST-043,Quarry Provisions,Independent Restaurant,2024-11-30,Net 30,2024-12-30,43604.08,2025-01-06,7
SO-202411-00151,CUST-044,Fairhaven Provisions,Distributor Resale,2024-11-15,Net 15,2024-11-30,52127.09,2024-12-08,8
SO-202411-00152,CUST-045,Weldon Grill,Hotel & Hospitality,2024-11-20,Net 30,2024-12-20,40374.55,2024-12-28,8
SO-202411-00153,CUST-046,Fairhaven Bistro,Institutional,2024-11-24,Net 30,2024-12-24,44636.36,2025-01-05,12
SO-202411-00154,CUST-023,Ashford Grill,Independent Restaurant,2024-11-18,Net 30,2024-12-18,19985.06,2024-12-16,-2
SO-202411-00155,CUST-035,Hollow Tavern,Independent Restaurant,2024-11-01,Net 45,2024-12-16,20670.53,2024-12-26,10
SO-202411-00156,CUST-022,Ockham Provisions,Distributor Resale,2024-11-23,Net 45,2025-01-07,17454.6,2025-01-12,5
SO-202411-00157,CUST-020,Rushmoor Provisions,Independent Restaurant,2024-11-26,Net 30,2024-12-26,30504.85,2025-01-02,7
SO-202411-00158,CUST-042,Tarleton Grill,Independent Restaurant,2024-11-19,Net 15,2024-12-04,31759.67,2024-12-06,2
SO-202411-00159,CUST-029,Pine Bistro,Hotel & Hospitality,2024-11-07,Net 45,2024-12-22,24333.71,2024-12-30,8
SO-202411-00160,CUST-036,Tarleton Food Hall,Independent Restaurant,2024-11-02,Net 30,2024-12-02,31692.1,2024-12-07,5
SO-202412-00161,CUST-001,Copper Fork Group,Restaurant Group,2024-12-29,Net 45,2025-02-12,124449.93,2025-02-17,5
SO-202412-00162,CUST-002,Harborline Hospitality,Hotel & Hospitality,2024-12-10,Net 30,2025-01-09,86842.55,2025-01-12,3
SO-202412-00163,CUST-003,Vaughn & Sons Restaurant Co,Restaurant Group,2024-12-17,Net 45,2025-01-31,61781.09,2025-02-07,7
SO-202412-00164,CUST-004,Meridian Public Schools,Institutional,2024-12-19,Net 60,2025-02-17,81831.02,2025-03-03,14
SO-202412-00165,CUST-005,Bright Harbor Hotels,Hotel & Hospitality,2024-12-16,Net 30,2025-01-15,66391.67,2025-01-12,-3
SO-202412-00166,CUST-006,Ridgeline Kitchens Group,Restaurant Group,2024-12-21,Net 30,2025-01-20,55281.07,2025-01-29,9
SO-202412-00167,CUST-007,Ashgrove Dining Partners,Restaurant Group,2024-12-08,Net 45,2025-01-22,54315.51,2025-01-28,6
SO-202412-00168,CUST-008,Northfield Medical Center,Institutional,2024-12-25,Net 60,2025-02-23,39294.65,2025-03-05,10
SO-202412-00169,CUST-009,Stonecrest Resale Supply,Distributor Resale,2024-12-12,Net 30,2025-01-11,41050.35,2025-01-16,5
SO-202412-00170,CUST-010,Lakeside Catering Co,Independent Restaurant,2024-12-29,Net 30,2025-01-28,41080.5,2025-02-05,8
SO-202412-00171,CUST-011,Sutton Kitchen,Institutional,2024-12-06,Net 45,2025-01-20,18421.68,2025-02-02,13
SO-202412-00172,CUST-012,Pendry Bistro,Institutional,2024-12-28,Net 45,2025-02-11,26107.44,2025-02-20,9
SO-202412-00173,CUST-013,Brackley Public House,Restaurant Group,2024-12-06,Net 15,2024-12-21,40424.78,2024-12-26,5
SO-202412-00174,CUST-014,Sutton Dining Co,Hotel & Hospitality,2024-12-05,Net 30,2025-01-04,16688.04,2025-01-12,8
SO-202412-00175,CUST-015,Pelham Dining Co,Restaurant Group,2024-12-19,Net 15,2025-01-03,41039.52,2025-01-08,5
SO-202412-00176,CUST-016,Marbury Food Hall,Restaurant Group,2024-12-27,Net 30,2025-01-26,24264.64,2025-02-02,7
SO-202412-00177,CUST-017,Weldon Kitchen,Distributor Resale,2024-12-09,Net 30,2025-01-08,33215.7,2025-01-15,7
SO-202412-00178,CUST-018,Pine Kitchen,Independent Restaurant,2024-12-14,Net 30,2025-01-13,40083.79,2025-01-24,11
SO-202412-00179,CUST-019,Birch Provisions,Independent Restaurant,2024-12-13,Net 30,2025-01-12,41172.23,2025-01-15,3
SO-202412-00180,CUST-020,Rushmoor Provisions,Independent Restaurant,2024-12-15,Net 30,2025-01-14,21912.03,2025-01-24,10
SO-202412-00181,CUST-021,Quarry Provisions,Independent Restaurant,2024-12-24,Net 15,2025-01-08,32022.15,2025-01-11,3
SO-202412-00182,CUST-022,Ockham Provisions,Distributor Resale,2024-12-09,Net 45,2025-01-23,20094.27,2025-02-02,10
SO-202412-00183,CUST-023,Ashford Grill,Independent Restaurant,2024-12-07,Net 30,2025-01-06,27609.18,2025-01-04,-2
SO-202412-00184,CUST-024,Hollow Kitchen,Independent Restaurant,2024-12-29,Net 30,2025-01-28,19549.71,2025-02-03,6
SO-202412-00185,CUST-025,Pendry Food Hall,Restaurant Group,2024-12-15,Net 15,2024-12-30,28975.41,2025-01-07,8
SO-202412-00186,CUST-026,Old Tavern,Institutional,2024-12-07,Net 30,2025-01-06,31193.59,2025-01-23,17
SO-202412-00187,CUST-027,Wexley Dining Co,Hotel & Hospitality,2024-12-25,Net 30,2025-01-24,31754.87,2025-01-27,3
SO-202412-00188,CUST-028,Gilman Food Hall,Independent Restaurant,2024-12-19,Net 45,2025-02-02,44880.79,2025-02-09,7
SO-202412-00189,CUST-029,Pine Bistro,Hotel & Hospitality,2024-12-19,Net 45,2025-02-02,27741.82,2025-02-04,2
SO-202412-00190,CUST-030,Norwood Food Hall,Independent Restaurant,2024-12-10,Net 15,2024-12-25,24095.79,2024-12-29,4
SO-202412-00191,CUST-031,Sutton Eatery,Independent Restaurant,2024-12-23,Net 30,2025-01-22,20307.71,2025-01-25,3
SO-202412-00192,CUST-032,Ashford Dining Co,Institutional,2024-12-26,Net 30,2025-01-25,54462.06,2025-02-07,13
SO-202412-00193,CUST-033,Norwood Tavern,Independent Restaurant,2024-12-01,Net 15,2024-12-16,50277.69,2024-12-25,9
SO-202412-00194,CUST-034,Ravensworth Eatery,Independent Restaurant,2024-12-03,Net 15,2024-12-18,36055.89,2024-12-29,11
SO-202412-00195,CUST-035,Hollow Tavern,Independent Restaurant,2024-12-30,Net 45,2025-02-13,36586.65,2025-02-18,5
SO-202412-00196,CUST-036,Tarleton Food Hall,Independent Restaurant,2024-12-19,Net 30,2025-01-18,13185.68,2025-01-17,-1
SO-202412-00197,CUST-037,Tarleton Grill,Institutional,2024-12-19,Net 45,2025-02-02,41952.25,2025-02-09,7
SO-202412-00198,CUST-038,Old Tavern,Independent Restaurant,2024-12-30,Net 15,2025-01-14,21763.34,2025-01-26,12
SO-202412-00199,CUST-039,Hartwell Kitchen,Institutional,2024-12-01,Net 15,2024-12-16,53800.67,2024-12-28,12
SO-202412-00200,CUST-040,Marlow Hospitality Group,Restaurant Group,2024-12-01,Net 30,2024-12-31,33680.71,2025-01-10,10
SO-202412-00201,CUST-041,Quarry Dining Co,Distributor Resale,2024-12-13,Net 15,2024-12-28,20976.9,2025-01-03,6
SO-202412-00202,CUST-042,Tarleton Grill,Independent Restaurant,2024-12-21,Net 15,2025-01-05,28931.02,2025-01-06,1
SO-202412-00203,CUST-043,Quarry Provisions,Independent Restaurant,2024-12-01,Net 30,2024-12-31,56620.04,2025-01-01,1
SO-202412-00204,CUST-044,Fairhaven Provisions,Distributor Resale,2024-12-15,Net 15,2024-12-30,33172.85,2025-01-06,7
SO-202412-00205,CUST-045,Weldon Grill,Hotel & Hospitality,2024-12-23,Net 30,2025-01-22,33470.41,2025-01-27,5
SO-202412-00206,CUST-046,Fairhaven Bistro,Institutional,2024-12-24,Net 30,2025-01-23,24352.39,2025-02-10,18
SO-202412-00207,CUST-023,Ashford Grill,Independent Restaurant,2024-12-20,Net 30,2025-01-19,42430.29,2025-01-17,-2
SO-202412-00208,CUST-035,Hollow Tavern,Independent Restaurant,2024-12-30,Net 45,2025-02-13,35345.9,2025-02-21,8
SO-202412-00209,CUST-022,Ockham Provisions,Distributor Resale,2024-12-20,Net 45,2025-02-03,30545.05,2025-02-06,3
SO-202412-00210,CUST-020,Rushmoor Provisions,Independent Restaurant,2024-12-17,Net 30,2025-01-16,24882.94,2025-01-30,14
SO-202412-00211,CUST-042,Tarleton Grill,Independent Restaurant,2024-12-06,Net 15,2024-12-21,19593.32,2024-12-20,-1
SO-202412-00212,CUST-029,Pine Bistro,Hotel & Hospitality,2024-12-05,Net 45,2025-01-19,36330.86,2025-01-23,4
SO-202412-00213,CUST-036,Tarleton Food Hall,Independent Restaurant,2024-12-18,Net 30,2025-01-17,40294.35,2025-01-25,8
SO-202501-00214,CUST-001,Copper Fork Group,Restaurant Group,2025-01-28,Net 45,2025-03-14,72478.52,2025-03-19,5
SO-202501-00215,CUST-002,Harborline Hospitality,Hotel & Hospitality,2025-01-23,Net 30,2025-02-22,58745.27,2025-02-28,6
SO-202501-00216,CUST-003,Vaughn & Sons Restaurant Co,Restaurant Group,2025-01-28,Net 45,2025-03-14,58699.61,2025-03-17,3
SO-202501-00217,CUST-004,Meridian Public Schools,Institutional,2025-01-15,Net 60,2025-03-16,47232.43,2025-03-30,14
SO-202501-00218,CUST-005,Bright Harbor Hotels,Hotel & Hospitality,2025-01-03,Net 30,2025-02-02,61640.16,2025-01-27,-6
SO-202501-00219,CUST-006,Ridgeline Kitchens Group,Restaurant Group,2025-01-15,Net 30,2025-02-14,32143.74,2025-02-24,10
SO-202501-00220,CUST-007,Ashgrove Dining Partners,Restaurant Group,2025-01-27,Net 45,2025-03-13,36547.62,2025-03-15,2
SO-202501-00221,CUST-008,Northfield Medical Center,Institutional,2025-01-14,Net 60,2025-03-15,35590.52,2025-03-22,7
SO-202501-00222,CUST-009,Stonecrest Resale Supply,Distributor Resale,2025-01-28,Net 30,2025-02-27,34960.9,2025-03-10,11
SO-202501-00223,CUST-010,Lakeside Catering Co,Independent Restaurant,2025-01-24,Net 30,2025-02-23,35691.05,2025-03-01,6
SO-202501-00224,CUST-011,Sutton Kitchen,Institutional,2025-01-01,Net 45,2025-02-15,21528.03,2025-02-23,8
SO-202501-00225,CUST-012,Pendry Bistro,Institutional,2025-01-07,Net 45,2025-02-21,32154.76,2025-02-27,6
SO-202501-00226,CUST-013,Brackley Public House,Restaurant Group,2025-01-02,Net 15,2025-01-17,36224.49,2025-01-28,11
SO-202501-00227,CUST-014,Sutton Dining Co,Hotel & Hospitality,2025-01-10,Net 30,2025-02-09,23277.84,2025-02-17,8
SO-202501-00228,CUST-015,Pelham Dining Co,Restaurant Group,2025-01-24,Net 15,2025-02-08,33480.95,2025-02-11,3
SO-202501-00229,CUST-016,Marbury Food Hall,Restaurant Group,2025-01-29,Net 30,2025-02-28,21268.81,2025-03-03,3
SO-202501-00230,CUST-017,Weldon Kitchen,Distributor Resale,2025-01-01,Net 30,2025-01-31,22402.6,2025-02-07,7
SO-202501-00231,CUST-018,Pine Kitchen,Independent Restaurant,2025-01-15,Net 30,2025-02-14,44994.74,2025-02-16,2
SO-202501-00232,CUST-019,Birch Provisions,Independent Restaurant,2025-01-27,Net 30,2025-02-26,36234.2,2025-02-24,-2
SO-202501-00233,CUST-020,Rushmoor Provisions,Independent Restaurant,2025-01-15,Net 30,2025-02-14,17108.96,2025-02-28,14
SO-202501-00234,CUST-021,Quarry Provisions,Independent Restaurant,2025-01-27,Net 15,2025-02-11,17627.87,2025-02-19,8
SO-202501-00235,CUST-022,Ockham Provisions,Distributor Resale,2025-01-22,Net 45,2025-03-08,11109.65,2025-03-12,4
SO-202501-00236,CUST-023,Ashford Grill,Independent Restaurant,2025-01-18,Net 30,2025-02-17,28693.61,2025-02-18,1
SO-202501-00237,CUST-024,Hollow Kitchen,Independent Restaurant,2025-01-29,Net 30,2025-02-28,13474.77,2025-03-02,2
SO-202501-00238,CUST-025,Pendry Food Hall,Restaurant Group,2025-01-06,Net 15,2025-01-21,36118.88,2025-01-31,10
SO-202501-00239,CUST-026,Old Tavern,Institutional,2025-01-08,Net 30,2025-02-07,25900.53,2025-02-23,16
SO-202501-00240,CUST-027,Wexley Dining Co,Hotel & Hospitality,2025-01-17,Net 30,2025-02-16,22888.25,2025-02-19,3
SO-202501-00241,CUST-028,Gilman Food Hall,Independent Restaurant,2025-01-17,Net 45,2025-03-03,33068.98,2025-03-06,3
SO-202501-00242,CUST-029,Pine Bistro,Hotel & Hospitality,2025-01-03,Net 45,2025-02-17,24052.98,2025-02-24,7
SO-202501-00243,CUST-030,Norwood Food Hall,Independent Restaurant,2025-01-05,Net 15,2025-01-20,21314.24,2025-01-25,5
SO-202501-00244,CUST-031,Sutton Eatery,Independent Restaurant,2025-01-10,Net 30,2025-02-09,14447.77,2025-02-16,7
SO-202501-00245,CUST-032,Ashford Dining Co,Institutional,2025-01-21,Net 30,2025-02-20,35495.12,2025-03-09,17
SO-202501-00246,CUST-033,Norwood Tavern,Independent Restaurant,2025-01-04,Net 15,2025-01-19,39977.54,2025-01-21,2
SO-202501-00247,CUST-034,Ravensworth Eatery,Independent Restaurant,2025-01-07,Net 15,2025-01-22,30698.52,2025-01-29,7
SO-202501-00248,CUST-035,Hollow Tavern,Independent Restaurant,2025-01-26,Net 45,2025-03-12,39169.17,2025-03-12,0
SO-202501-00249,CUST-036,Tarleton Food Hall,Independent Restaurant,2025-01-07,Net 30,2025-02-06,9463.78,2025-02-14,8
SO-202501-00250,CUST-037,Tarleton Grill,Institutional,2025-01-29,Net 45,2025-03-15,42813.55,2025-03-27,12
SO-202501-00251,CUST-038,Old Tavern,Independent Restaurant,2025-01-19,Net 15,2025-02-03,19361.33,2025-02-11,8
SO-202501-00252,CUST-039,Hartwell Kitchen,Institutional,2025-01-04,Net 15,2025-01-19,33816.73,2025-01-31,12
SO-202501-00253,CUST-040,Marlow Hospitality Group,Restaurant Group,2025-01-22,Net 30,2025-02-21,29277.51,2025-02-24,3
SO-202501-00254,CUST-041,Quarry Dining Co,Distributor Resale,2025-01-07,Net 15,2025-01-22,19601.49,2025-01-26,4
SO-202501-00255,CUST-042,Tarleton Grill,Independent Restaurant,2025-01-26,Net 15,2025-02-10,22710.1,2025-02-14,4
SO-202501-00256,CUST-043,Quarry Provisions,Independent Restaurant,2025-01-15,Net 30,2025-02-14,32366.73,2025-02-19,5
SO-202501-00257,CUST-044,Fairhaven Provisions,Distributor Resale,2025-01-05,Net 15,2025-01-20,26898.22,2025-01-26,6
SO-202501-00258,CUST-045,Weldon Grill,Hotel & Hospitality,2025-01-22,Net 30,2025-02-21,34536.6,2025-02-25,4
SO-202501-00259,CUST-046,Fairhaven Bistro,Institutional,2025-01-09,Net 30,2025-02-08,27798.99,2025-02-21,13
SO-202501-00260,CUST-023,Ashford Grill,Independent Restaurant,2025-01-12,Net 30,2025-02-11,25282.31,2025-02-15,4
SO-202501-00261,CUST-035,Hollow Tavern,Independent Restaurant,2025-01-25,Net 45,2025-03-11,20002.13,2025-03-18,7
SO-202501-00262,CUST-022,Ockham Provisions,Distributor Resale,2025-01-19,Net 45,2025-03-05,26832.31,2025-03-14,9
SO-202501-00263,CUST-020,Rushmoor Provisions,Independent Restaurant,2025-01-26,Net 30,2025-02-25,42784.97,2025-03-08,11
SO-202501-00264,CUST-042,Tarleton Grill,Independent Restaurant,2025-01-28,Net 15,2025-02-12,24121.84,2025-02-08,-4
SO-202501-00265,CUST-029,Pine Bistro,Hotel & Hospitality,2025-01-12,Net 45,2025-02-26,32578.86,2025-02-27,1
SO-202501-00266,CUST-036,Tarleton Food Hall,Independent Restaurant,2025-01-14,Net 30,2025-02-13,25583.71,2025-02-16,3
SO-202502-00267,CUST-001,Copper Fork Group,Restaurant Group,2025-02-23,Net 45,2025-04-09,74922.66,2025-04-11,2
SO-202502-00268,CUST-002,Harborline Hospitality,Hotel & Hospitality,2025-02-23,Net 30,2025-03-25,62939.41,2025-03-26,1
SO-202502-00269,CUST-003,Vaughn & Sons Restaurant Co,Restaurant Group,2025-02-19,Net 45,2025-04-05,57948.0,2025-04-07,2
SO-202502-00270,CUST-004,Meridian Public Schools,Institutional,2025-02-26,Net 60,2025-04-27,54068.36,2025-05-10,13
SO-202502-00271,CUST-005,Bright Harbor Hotels,Hotel & Hospitality,2025-02-27,Net 30,2025-03-29,40463.84,2025-03-26,-3
SO-202502-00272,CUST-006,Ridgeline Kitchens Group,Restaurant Group,2025-02-14,Net 30,2025-03-16,42253.61,2025-03-19,3
SO-202502-00273,CUST-007,Ashgrove Dining Partners,Restaurant Group,2025-02-24,Net 45,2025-04-10,49931.86,2025-04-16,6
SO-202502-00274,CUST-008,Northfield Medical Center,Institutional,2025-02-04,Net 60,2025-04-05,28635.01,2025-04-11,6
SO-202502-00275,CUST-009,Stonecrest Resale Supply,Distributor Resale,2025-02-26,Net 30,2025-03-28,36136.42,2025-04-08,11
SO-202502-00276,CUST-010,Lakeside Catering Co,Independent Restaurant,2025-02-26,Net 30,2025-03-28,37215.56,2025-04-09,12
SO-202502-00277,CUST-011,Sutton Kitchen,Institutional,2025-02-11,Net 45,2025-03-28,12207.3,2025-04-06,9
SO-202502-00278,CUST-012,Pendry Bistro,Institutional,2025-02-07,Net 45,2025-03-24,28910.47,2025-04-01,8
SO-202502-00279,CUST-013,Brackley Public House,Restaurant Group,2025-02-24,Net 15,2025-03-11,35321.13,2025-03-16,5
SO-202502-00280,CUST-014,Sutton Dining Co,Hotel & Hospitality,2025-02-21,Net 30,2025-03-23,13052.95,2025-03-28,5
SO-202502-00281,CUST-015,Pelham Dining Co,Restaurant Group,2025-02-27,Net 15,2025-03-14,34859.32,2025-03-12,-2
SO-202502-00282,CUST-016,Marbury Food Hall,Restaurant Group,2025-02-02,Net 30,2025-03-04,26453.28,2025-03-08,4
SO-202502-00283,CUST-017,Weldon Kitchen,Distributor Resale,2025-02-03,Net 30,2025-03-05,26954.86,2025-03-05,0
SO-202502-00284,CUST-018,Pine Kitchen,Independent Restaurant,2025-02-19,Net 30,2025-03-21,38028.38,2025-03-27,6
SO-202502-00285,CUST-019,Birch Provisions,Independent Restaurant,2025-02-09,Net 30,2025-03-11,40876.64,2025-03-07,-4
SO-202502-00286,CUST-020,Rushmoor Provisions,Independent Restaurant,2025-02-09,Net 30,2025-03-11,28771.66,2025-03-17,6
SO-202502-00287,CUST-021,Quarry Provisions,Independent Restaurant,2025-02-01,Net 15,2025-02-16,26346.58,2025-02-16,0
SO-202502-00288,CUST-022,Ockham Provisions,Distributor Resale,2025-02-24,Net 45,2025-04-10,10268.54,2025-04-16,6
SO-202502-00289,CUST-023,Ashford Grill,Independent Restaurant,2025-02-23,Net 30,2025-03-25,24236.25,2025-03-26,1
SO-202502-00290,CUST-024,Hollow Kitchen,Independent Restaurant,2025-02-20,Net 30,2025-03-22,21792.22,2025-03-22,0
SO-202502-00291,CUST-025,Pendry Food Hall,Restaurant Group,2025-02-15,Net 15,2025-03-02,31177.1,2025-03-05,3
SO-202502-00292,CUST-026,Old Tavern,Institutional,2025-02-18,Net 30,2025-03-20,30941.07,2025-03-30,10
SO-202502-00293,CUST-027,Wexley Dining Co,Hotel & Hospitality,2025-02-22,Net 30,2025-03-24,25756.58,2025-03-23,-1
SO-202502-00294,CUST-028,Gilman Food Hall,Independent Restaurant,2025-02-20,Net 45,2025-04-06,23315.77,2025-04-08,2
SO-202502-00295,CUST-029,Pine Bistro,Hotel & Hospitality,2025-02-02,Net 45,2025-03-19,21673.33,2025-03-20,1
SO-202502-00296,CUST-030,Norwood Food Hall,Independent Restaurant,2025-02-03,Net 15,2025-02-18,28810.95,2025-02-16,-2
SO-202502-00297,CUST-031,Sutton Eatery,Independent Restaurant,2025-02-23,Net 30,2025-03-25,21351.97,2025-03-28,3
SO-202502-00298,CUST-032,Ashford Dining Co,Institutional,2025-02-17,Net 30,2025-03-19,41670.45,2025-03-31,12
SO-202502-00299,CUST-033,Norwood Tavern,Independent Restaurant,2025-02-22,Net 15,2025-03-09,33096.39,2025-03-19,10
SO-202502-00300,CUST-034,Ravensworth Eatery,Independent Restaurant,2025-02-04,Net 15,2025-02-19,27066.69,2025-02-26,7
SO-202502-00301,CUST-035,Hollow Tavern,Independent Restaurant,2025-02-07,Net 45,2025-03-24,36070.21,2025-03-29,5
SO-202502-00302,CUST-036,Tarleton Food Hall,Independent Restaurant,2025-02-11,Net 30,2025-03-13,13155.41,2025-03-20,7
SO-202502-00303,CUST-037,Tarleton Grill,Institutional,2025-02-22,Net 45,2025-04-08,32779.13,2025-04-21,13
SO-202502-00304,CUST-038,Old Tavern,Independent Restaurant,2025-02-26,Net 15,2025-03-13,25617.24,2025-03-19,6
SO-202502-00305,CUST-039,Hartwell Kitchen,Institutional,2025-02-16,Net 15,2025-03-03,36173.26,2025-03-14,11
SO-202502-00306,CUST-040,Marlow Hospitality Group,Restaurant Group,2025-02-17,Net 30,2025-03-19,21679.3,2025-03-25,6
SO-202502-00307,CUST-041,Quarry Dining Co,Distributor Resale,2025-02-02,Net 15,2025-02-17,26909.85,2025-02-23,6
SO-202502-00308,CUST-042,Tarleton Grill,Independent Restaurant,2025-02-28,Net 15,2025-03-15,22129.34,2025-03-19,4
SO-202502-00309,CUST-043,Quarry Provisions,Independent Restaurant,2025-02-11,Net 30,2025-03-13,34420.64,2025-03-23,10
SO-202502-00310,CUST-044,Fairhaven Provisions,Distributor Resale,2025-02-10,Net 15,2025-02-25,28910.24,2025-03-07,10
SO-202502-00311,CUST-045,Weldon Grill,Hotel & Hospitality,2025-02-04,Net 30,2025-03-06,34666.38,2025-03-09,3
SO-202502-00312,CUST-046,Fairhaven Bistro,Institutional,2025-02-21,Net 30,2025-03-23,27429.77,2025-04-09,17
SO-202502-00313,CUST-023,Ashford Grill,Independent Restaurant,2025-02-02,Net 30,2025-03-04,36011.25,2025-03-07,3
SO-202502-00314,CUST-035,Hollow Tavern,Independent Restaurant,2025-02-28,Net 45,2025-04-14,30300.24,2025-04-19,5
SO-202502-00315,CUST-022,Ockham Provisions,Distributor Resale,2025-02-16,Net 45,2025-04-02,18360.63,2025-04-04,2
SO-202502-00316,CUST-020,Rushmoor Provisions,Independent Restaurant,2025-02-24,Net 30,2025-03-26,29844.5,2025-04-02,7
SO-202502-00317,CUST-042,Tarleton Grill,Independent Restaurant,2025-02-17,Net 15,2025-03-04,21434.39,2025-03-05,1
SO-202502-00318,CUST-029,Pine Bistro,Hotel & Hospitality,2025-02-12,Net 45,2025-03-29,37662.93,2025-04-01,3
SO-202502-00319,CUST-036,Tarleton Food Hall,Independent Restaurant,2025-02-19,Net 30,2025-03-21,21129.53,2025-03-25,4
SO-202503-00320,CUST-001,Copper Fork Group,Restaurant Group,2025-03-03,Net 45,2025-04-17,87888.67,2025-04-16,-1
SO-202503-00321,CUST-002,Harborline Hospitality,Hotel & Hospitality,2025-03-24,Net 30,2025-04-23,73819.47,2025-04-24,1
SO-202503-00322,CUST-003,Vaughn & Sons Restaurant Co,Restaurant Group,2025-03-24,Net 45,2025-05-08,73491.44,2025-05-11,3
SO-202503-00323,CUST-004,Meridian Public Schools,Institutional,2025-03-30,Net 60,2025-05-29,57945.34,2025-06-14,16
SO-202503-00324,CUST-005,Bright Harbor Hotels,Hotel & Hospitality,2025-03-08,Net 30,2025-04-07,64458.33,2025-04-04,-3
SO-202503-00325,CUST-006,Ridgeline Kitchens Group,Restaurant Group,2025-03-20,Net 30,2025-04-19,52468.67,2025-05-02,13
SO-202503-00326,CUST-007,Ashgrove Dining Partners,Restaurant Group,2025-03-24,Net 45,2025-05-08,46945.59,2025-05-11,3
SO-202503-00327,CUST-008,Northfield Medical Center,Institutional,2025-03-19,Net 60,2025-05-18,37801.86,2025-05-28,10
SO-202503-00328,CUST-009,Stonecrest Resale Supply,Distributor Resale,2025-03-26,Net 30,2025-04-25,44294.99,2025-04-29,4
SO-202503-00329,CUST-010,Lakeside Catering Co,Independent Restaurant,2025-03-17,Net 30,2025-04-16,27606.26,2025-04-22,6
SO-202503-00330,CUST-011,Sutton Kitchen,Institutional,2025-03-17,Net 45,2025-05-01,33069.52,2025-05-12,11
SO-202503-00331,CUST-012,Pendry Bistro,Institutional,2025-03-08,Net 45,2025-04-22,31439.24,2025-04-28,6
SO-202503-00332,CUST-013,Brackley Public House,Restaurant Group,2025-03-04,Net 15,2025-03-19,46611.42,2025-03-26,7
SO-202503-00333,CUST-014,Sutton Dining Co,Hotel & Hospitality,2025-03-10,Net 30,2025-04-09,9840.17,2025-04-16,7
SO-202503-00334,CUST-015,Pelham Dining Co,Restaurant Group,2025-03-17,Net 15,2025-04-01,29472.28,2025-04-01,0
SO-202503-00335,CUST-016,Marbury Food Hall,Restaurant Group,2025-03-29,Net 30,2025-04-28,24680.26,2025-05-06,8
SO-202503-00336,CUST-017,Weldon Kitchen,Distributor Resale,2025-03-06,Net 30,2025-04-05,32531.18,2025-04-09,4
SO-202503-00337,CUST-018,Pine Kitchen,Independent Restaurant,2025-03-20,Net 30,2025-04-19,37610.95,2025-04-27,8
SO-202503-00338,CUST-019,Birch Provisions,Independent Restaurant,2025-03-01,Net 30,2025-03-31,38817.03,2025-04-03,3
SO-202503-00339,CUST-020,Rushmoor Provisions,Independent Restaurant,2025-03-10,Net 30,2025-04-09,25473.01,2025-04-19,10
SO-202503-00340,CUST-021,Quarry Provisions,Independent Restaurant,2025-03-24,Net 15,2025-04-08,29100.05,2025-04-16,8
SO-202503-00341,CUST-022,Ockham Provisions,Distributor Resale,2025-03-29,Net 45,2025-05-13,17071.62,2025-05-24,11
SO-202503-00342,CUST-023,Ashford Grill,Independent Restaurant,2025-03-11,Net 30,2025-04-10,30032.54,2025-04-13,3
SO-202503-00343,CUST-024,Hollow Kitchen,Independent Restaurant,2025-03-16,Net 30,2025-04-15,16991.53,2025-04-12,-3
SO-202503-00344,CUST-025,Pendry Food Hall,Restaurant Group,2025-03-19,Net 15,2025-04-03,27773.74,2025-04-13,10
SO-202503-00345,CUST-026,Old Tavern,Institutional,2025-03-17,Net 30,2025-04-16,40372.57,2025-04-25,9
SO-202503-00346,CUST-027,Wexley Dining Co,Hotel & Hospitality,2025-03-02,Net 30,2025-04-01,30886.39,2025-04-06,5
SO-202503-00347,CUST-028,Gilman Food Hall,Independent Restaurant,2025-03-12,Net 45,2025-04-26,35149.3,2025-04-28,2
SO-202503-00348,CUST-029,Pine Bistro,Hotel & Hospitality,2025-03-18,Net 45,2025-05-02,21785.33,2025-05-06,4
SO-202503-00349,CUST-030,Norwood Food Hall,Independent Restaurant,2025-03-08,Net 15,2025-03-23,29954.12,2025-03-24,1
SO-202503-00350,CUST-031,Sutton Eatery,Independent Restaurant,2025-03-17,Net 30,2025-04-16,17860.54,2025-04-16,0
SO-202503-00351,CUST-032,Ashford Dining Co,Institutional,2025-03-31,Net 30,2025-04-30,64496.41,2025-05-16,16
SO-202503-00352,CUST-033,Norwood Tavern,Independent Restaurant,2025-03-01,Net 15,2025-03-16,31541.65,2025-03-23,7
SO-202503-00353,CUST-034,Ravensworth Eatery,Independent Restaurant,2025-03-24,Net 15,2025-04-08,43273.26,2025-04-17,9
SO-202503-00354,CUST-035,Hollow Tavern,Independent Restaurant,2025-03-28,Net 45,2025-05-12,36075.92,2025-05-21,9
SO-202503-00355,CUST-036,Tarleton Food Hall,Independent Restaurant,2025-03-23,Net 30,2025-04-22,15404.99,2025-04-25,3
SO-202503-00356,CUST-037,Tarleton Grill,Institutional,2025-03-17,Net 45,2025-05-01,37941.96,2025-05-06,5
SO-202503-00357,CUST-038,Old Tavern,Independent Restaurant,2025-03-23,Net 15,2025-04-07,22902.16,2025-04-17,10
SO-202503-00358,CUST-039,Hartwell Kitchen,Institutional,2025-03-27,Net 15,2025-04-11,47235.18,2025-04-21,10
SO-202503-00359,CUST-040,Marlow Hospitality Group,Restaurant Group,2025-03-25,Net 30,2025-04-24,22587.17,2025-04-29,5
SO-202503-00360,CUST-041,Quarry Dining Co,Distributor Resale,2025-03-26,Net 15,2025-04-10,21577.78,2025-04-13,3
SO-202503-00361,CUST-042,Tarleton Grill,Independent Restaurant,2025-03-27,Net 15,2025-04-11,23865.94,2025-04-11,0
SO-202503-00362,CUST-043,Quarry Provisions,Independent Restaurant,2025-03-21,Net 30,2025-04-20,46533.8,2025-04-22,2
SO-202503-00363,CUST-044,Fairhaven Provisions,Distributor Resale,2025-03-28,Net 15,2025-04-12,33313.43,2025-04-17,5
SO-202503-00364,CUST-045,Weldon Grill,Hotel & Hospitality,2025-03-03,Net 30,2025-04-02,40330.62,2025-04-05,3
SO-202503-00365,CUST-046,Fairhaven Bistro,Institutional,2025-03-06,Net 30,2025-04-05,27093.24,2025-04-18,13
SO-202503-00366,CUST-023,Ashford Grill,Independent Restaurant,2025-03-25,Net 30,2025-04-24,37913.45,2025-04-22,-2
SO-202503-00367,CUST-035,Hollow Tavern,Independent Restaurant,2025-03-30,Net 45,2025-05-14,37394.49,2025-05-14,0
SO-202503-00368,CUST-022,Ockham Provisions,Distributor Resale,2025-03-10,Net 45,2025-04-24,22258.02,2025-04-29,5
SO-202503-00369,CUST-020,Rushmoor Provisions,Independent Restaurant,2025-03-23,Net 30,2025-04-22,18878.32,2025-05-05,13
SO-202503-00370,CUST-042,Tarleton Grill,Independent Restaurant,2025-03-22,Net 15,2025-04-06,43844.52,2025-04-06,0
SO-202503-00371,CUST-029,Pine Bistro,Hotel & Hospitality,2025-03-14,Net 45,2025-04-28,27347.4,2025-04-29,1
SO-202503-00372,CUST-036,Tarleton Food Hall,Independent Restaurant,2025-03-16,Net 30,2025-04-15,21477.15,2025-04-22,7
SO-202504-00373,CUST-001,Copper Fork Group,Restaurant Group,2025-04-05,Net 45,2025-05-20,80486.58,2025-05-20,0
SO-202504-00374,CUST-002,Harborline Hospitality,Hotel & Hospitality,2025-04-04,Net 30,2025-05-04,84724.57,2025-05-03,-1
SO-202504-00375,CUST-003,Vaughn & Sons Restaurant Co,Restaurant Group,2025-04-15,Net 45,2025-05-30,74621.4,2025-06-06,7
SO-202504-00376,CUST-004,Meridian Public Schools,Institutional,2025-04-01,Net 60,2025-05-31,84029.67,2025-06-15,15
SO-202504-00377,CUST-005,Bright Harbor Hotels,Hotel & Hospitality,2025-04-20,Net 30,2025-05-20,64517.77,2025-05-15,-5
SO-202504-00378,CUST-006,Ridgeline Kitchens Group,Restaurant Group,2025-04-07,Net 30,2025-05-07,59046.81,2025-05-18,11
SO-202504-00379,CUST-007,Ashgrove Dining Partners,Restaurant Group,2025-04-04,Net 45,2025-05-19,64992.39,2025-05-24,5
SO-202504-00380,CUST-008,Northfield Medical Center,Institutional,2025-04-25,Net 60,2025-06-24,42835.99,2025-07-03,9
SO-202504-00381,CUST-009,Stonecrest Resale Supply,Distributor Resale,2025-04-20,Net 30,2025-05-20,42664.48,2025-05-26,6
SO-202504-00382,CUST-010,Lakeside Catering Co,Independent Restaurant,2025-04-24,Net 30,2025-05-24,46764.7,2025-06-02,9
SO-202504-00383,CUST-011,Sutton Kitchen,Institutional,2025-04-11,Net 45,2025-05-26,15729.66,2025-06-06,11
SO-202504-00384,CUST-012,Pendry Bistro,Institutional,2025-04-18,Net 45,2025-06-02,30875.97,2025-06-09,7
SO-202504-00385,CUST-013,Brackley Public House,Restaurant Group,2025-04-14,Net 15,2025-04-29,38963.77,2025-05-06,7
SO-202504-00386,CUST-014,Sutton Dining Co,Hotel & Hospitality,2025-04-18,Net 30,2025-05-18,19420.96,2025-05-25,7
SO-202504-00387,CUST-015,Pelham Dining Co,Restaurant Group,2025-04-03,Net 15,2025-04-18,38013.56,2025-04-21,3
SO-202504-00388,CUST-016,Marbury Food Hall,Restaurant Group,2025-04-17,Net 30,2025-05-17,30199.69,2025-05-24,7
SO-202504-00389,CUST-017,Weldon Kitchen,Distributor Resale,2025-04-22,Net 30,2025-05-22,28783.31,2025-05-27,5
SO-202504-00390,CUST-018,Pine Kitchen,Independent Restaurant,2025-04-20,Net 30,2025-05-20,41741.5,2025-05-25,5
SO-202504-00391,CUST-019,Birch Provisions,Independent Restaurant,2025-04-04,Net 30,2025-05-04,37018.73,2025-05-07,3
SO-202504-00392,CUST-020,Rushmoor Provisions,Independent Restaurant,2025-04-25,Net 30,2025-05-25,21516.17,2025-06-01,7
SO-202504-00393,CUST-021,Quarry Provisions,Independent Restaurant,2025-04-23,Net 15,2025-05-08,29165.61,2025-05-09,1
SO-202504-00394,CUST-022,Ockham Provisions,Distributor Resale,2025-04-26,Net 45,2025-06-10,23525.97,2025-06-17,7
SO-202504-00395,CUST-023,Ashford Grill,Independent Restaurant,2025-04-04,Net 30,2025-05-04,35660.97,2025-05-08,4
SO-202504-00396,CUST-024,Hollow Kitchen,Independent Restaurant,2025-04-02,Net 30,2025-05-02,16797.99,2025-05-03,1
SO-202504-00397,CUST-025,Pendry Food Hall,Restaurant Group,2025-04-23,Net 15,2025-05-08,30435.72,2025-05-13,5
SO-202504-00398,CUST-026,Old Tavern,Institutional,2025-04-30,Net 30,2025-05-30,24741.03,2025-06-07,8
SO-202504-00399,CUST-027,Wexley Dining Co,Hotel & Hospitality,2025-04-21,Net 30,2025-05-21,22812.2,2025-05-21,0
SO-202504-00400,CUST-028,Gilman Food Hall,Independent Restaurant,2025-04-27,Net 45,2025-06-11,28935.39,2025-06-17,6
SO-202504-00401,CUST-029,Pine Bistro,Hotel & Hospitality,2025-04-15,Net 45,2025-05-30,24397.69,2025-05-29,-1
SO-202504-00402,CUST-030,Norwood Food Hall,Independent Restaurant,2025-04-14,Net 15,2025-04-29,29959.43,2025-04-29,0
SO-202504-00403,CUST-031,Sutton Eatery,Independent Restaurant,2025-04-17,Net 30,2025-05-17,33467.88,2025-05-16,-1
SO-202504-00404,CUST-032,Ashford Dining Co,Institutional,2025-04-10,Net 30,2025-05-10,44763.31,2025-05-25,15
SO-202504-00405,CUST-033,Norwood Tavern,Independent Restaurant,2025-04-22,Net 15,2025-05-07,42407.72,2025-05-17,10
SO-202504-00406,CUST-034,Ravensworth Eatery,Independent Restaurant,2025-04-30,Net 15,2025-05-15,40234.2,2025-05-27,12
SO-202504-00407,CUST-035,Hollow Tavern,Independent Restaurant,2025-04-30,Net 45,2025-06-14,28865.67,2025-06-22,8
SO-202504-00408,CUST-036,Tarleton Food Hall,Independent Restaurant,2025-04-13,Net 30,2025-05-13,22002.89,2025-05-12,-1
SO-202504-00409,CUST-037,Tarleton Grill,Institutional,2025-04-14,Net 45,2025-05-29,33641.54,2025-06-04,6
SO-202504-00410,CUST-038,Old Tavern,Independent Restaurant,2025-04-27,Net 15,2025-05-12,27267.29,2025-05-23,11
SO-202504-00411,CUST-039,Hartwell Kitchen,Institutional,2025-04-21,Net 15,2025-05-06,32232.84,2025-05-21,15
SO-202504-00412,CUST-040,Marlow Hospitality Group,Restaurant Group,2025-04-02,Net 30,2025-05-02,23541.73,2025-05-11,9
SO-202504-00413,CUST-041,Quarry Dining Co,Distributor Resale,2025-04-27,Net 15,2025-05-12,21663.72,2025-05-13,1
SO-202504-00414,CUST-042,Tarleton Grill,Independent Restaurant,2025-04-02,Net 15,2025-04-17,31210.15,2025-04-18,1
SO-202504-00415,CUST-043,Quarry Provisions,Independent Restaurant,2025-04-06,Net 30,2025-05-06,42469.89,2025-05-15,9
SO-202504-00416,CUST-044,Fairhaven Provisions,Distributor Resale,2025-04-28,Net 15,2025-05-13,27315.49,2025-05-17,4
SO-202504-00417,CUST-045,Weldon Grill,Hotel & Hospitality,2025-04-16,Net 30,2025-05-16,42839.82,2025-05-22,6
SO-202504-00418,CUST-046,Fairhaven Bistro,Institutional,2025-04-18,Net 30,2025-05-18,21785.49,2025-05-30,12
SO-202504-00419,CUST-023,Ashford Grill,Independent Restaurant,2025-04-10,Net 30,2025-05-10,26160.33,2025-05-13,3
SO-202504-00420,CUST-035,Hollow Tavern,Independent Restaurant,2025-04-22,Net 45,2025-06-06,22186.54,2025-06-08,2
SO-202504-00421,CUST-022,Ockham Provisions,Distributor Resale,2025-04-08,Net 45,2025-05-23,19266.76,2025-05-31,8
SO-202504-00422,CUST-020,Rushmoor Provisions,Independent Restaurant,2025-04-17,Net 30,2025-05-17,38508.19,2025-05-25,8
SO-202504-00423,CUST-042,Tarleton Grill,Independent Restaurant,2025-04-16,Net 15,2025-05-01,23483.92,2025-05-04,3
SO-202504-00424,CUST-029,Pine Bistro,Hotel & Hospitality,2025-04-29,Net 45,2025-06-13,23881.57,2025-06-19,6
SO-202504-00425,CUST-036,Tarleton Food Hall,Independent Restaurant,2025-04-25,Net 30,2025-05-25,19133.46,2025-05-29,4
SO-202505-00426,CUST-001,Copper Fork Group,Restaurant Group,2025-05-18,Net 45,2025-07-02,102705.01,2025-07-01,-1
SO-202505-00427,CUST-002,Harborline Hospitality,Hotel & Hospitality,2025-05-20,Net 30,2025-06-19,102091.08,2025-06-24,5
SO-202505-00428,CUST-003,Vaughn & Sons Restaurant Co,Restaurant Group,2025-05-26,Net 45,2025-07-10,89591.54,2025-07-14,4
SO-202505-00429,CUST-004,Meridian Public Schools,Institutional,2025-05-23,Net 60,2025-07-22,81185.68,2025-08-04,13
SO-202505-00430,CUST-005,Bright Harbor Hotels,Hotel & Hospitality,2025-05-10,Net 30,2025-06-09,55467.9,2025-06-06,-3
SO-202505-00431,CUST-006,Ridgeline Kitchens Group,Restaurant Group,2025-05-13,Net 30,2025-06-12,52619.75,2025-06-16,4
SO-202505-00432,CUST-007,Ashgrove Dining Partners,Restaurant Group,2025-05-25,Net 45,2025-07-09,57972.91,2025-07-07,-2
SO-202505-00433,CUST-008,Northfield Medical Center,Institutional,2025-05-13,Net 60,2025-07-12,48162.33,2025-07-16,4
SO-202505-00434,CUST-009,Stonecrest Resale Supply,Distributor Resale,2025-05-01,Net 30,2025-05-31,45262.81,2025-06-10,10
SO-202505-00435,CUST-010,Lakeside Catering Co,Independent Restaurant,2025-05-10,Net 30,2025-06-09,47004.93,2025-06-13,4
SO-202505-00436,CUST-011,Sutton Kitchen,Institutional,2025-05-26,Net 45,2025-07-10,20386.0,2025-07-18,8
SO-202505-00437,CUST-012,Pendry Bistro,Institutional,2025-05-13,Net 45,2025-06-27,33790.05,2025-07-08,11
SO-202505-00438,CUST-013,Brackley Public House,Restaurant Group,2025-05-30,Net 15,2025-06-14,53251.67,2025-06-21,7
SO-202505-00439,CUST-014,Sutton Dining Co,Hotel & Hospitality,2025-05-15,Net 30,2025-06-14,17521.51,2025-06-18,4
SO-202505-00440,CUST-015,Pelham Dining Co,Restaurant Group,2025-05-21,Net 15,2025-06-05,44366.63,2025-06-05,0
SO-202505-00441,CUST-016,Marbury Food Hall,Restaurant Group,2025-05-17,Net 30,2025-06-16,35873.35,2025-06-19,3
SO-202505-00442,CUST-017,Weldon Kitchen,Distributor Resale,2025-05-31,Net 30,2025-06-30,38188.67,2025-07-06,6
SO-202505-00443,CUST-018,Pine Kitchen,Independent Restaurant,2025-05-03,Net 30,2025-06-02,43493.58,2025-06-05,3
SO-202505-00444,CUST-019,Birch Provisions,Independent Restaurant,2025-05-30,Net 30,2025-06-29,57437.63,2025-06-29,0
SO-202505-00445,CUST-020,Rushmoor Provisions,Independent Restaurant,2025-05-10,Net 30,2025-06-09,27061.9,2025-06-20,11
SO-202505-00446,CUST-021,Quarry Provisions,Independent Restaurant,2025-05-03,Net 15,2025-05-18,26008.54,2025-05-26,8
SO-202505-00447,CUST-022,Ockham Provisions,Distributor Resale,2025-05-21,Net 45,2025-07-05,16701.67,2025-07-16,11
SO-202505-00448,CUST-023,Ashford Grill,Independent Restaurant,2025-05-04,Net 30,2025-06-03,42322.06,2025-06-07,4
SO-202505-00449,CUST-024,Hollow Kitchen,Independent Restaurant,2025-05-28,Net 30,2025-06-27,22728.96,2025-06-26,-1
SO-202505-00450,CUST-025,Pendry Food Hall,Restaurant Group,2025-05-28,Net 15,2025-06-12,38931.11,2025-06-16,4
SO-202505-00451,CUST-026,Old Tavern,Institutional,2025-05-23,Net 30,2025-06-22,52889.36,2025-07-04,12
SO-202505-00452,CUST-027,Wexley Dining Co,Hotel & Hospitality,2025-05-31,Net 30,2025-06-30,35666.25,2025-07-04,4
SO-202505-00453,CUST-028,Gilman Food Hall,Independent Restaurant,2025-05-26,Net 45,2025-07-10,31542.68,2025-07-11,1
SO-202505-00454,CUST-029,Pine Bistro,Hotel & Hospitality,2025-05-14,Net 45,2025-06-28,30114.85,2025-07-06,8
SO-202505-00455,CUST-030,Norwood Food Hall,Independent Restaurant,2025-05-17,Net 15,2025-06-01,25232.48,2025-05-30,-2
SO-202505-00456,CUST-031,Sutton Eatery,Independent Restaurant,2025-05-03,Net 30,2025-06-02,18645.38,2025-06-07,5
SO-202505-00457,CUST-032,Ashford Dining Co,Institutional,2025-05-02,Net 30,2025-06-01,51240.12,2025-06-18,17
SO-202505-00458,CUST-033,Norwood Tavern,Independent Restaurant,2025-05-16,Net 15,2025-05-31,34357.53,2025-06-10,10
SO-202505-00459,CUST-034,Ravensworth Eatery,Independent Restaurant,2025-05-19,Net 15,2025-06-03,53859.37,2025-06-13,10
SO-202505-00460,CUST-035,Hollow Tavern,Independent Restaurant,2025-05-09,Net 45,2025-06-23,36188.23,2025-07-01,8
SO-202505-00461,CUST-036,Tarleton Food Hall,Independent Restaurant,2025-05-08,Net 30,2025-06-07,24902.71,2025-06-06,-1
SO-202505-00462,CUST-037,Tarleton Grill,Institutional,2025-05-15,Net 45,2025-06-29,38623.54,2025-07-05,6
SO-202505-00463,CUST-038,Old Tavern,Independent Restaurant,2025-05-06,Net 15,2025-05-21,32879.38,2025-05-30,9
SO-202505-00464,CUST-039,Hartwell Kitchen,Institutional,2025-05-22,Net 15,2025-06-06,36006.05,2025-06-19,13
SO-202505-00465,CUST-040,Marlow Hospitality Group,Restaurant Group,2025-05-27,Net 30,2025-06-26,24558.51,2025-06-29,3
SO-202505-00466,CUST-041,Quarry Dining Co,Distributor Resale,2025-05-07,Net 15,2025-05-22,27594.56,2025-05-20,-2
SO-202505-00467,CUST-042,Tarleton Grill,Independent Restaurant,2025-05-30,Net 15,2025-06-14,29573.45,2025-06-10,-4
SO-202505-00468,CUST-043,Quarry Provisions,Independent Restaurant,2025-05-03,Net 30,2025-06-02,47867.43,2025-06-06,4
SO-202505-00469,CUST-044,Fairhaven Provisions,Distributor Resale,2025-05-20,Net 15,2025-06-04,37612.4,2025-06-13,9
SO-202505-00470,CUST-045,Weldon Grill,Hotel & Hospitality,2025-05-24,Net 30,2025-06-23,45043.29,2025-06-29,6
SO-202505-00471,CUST-046,Fairhaven Bistro,Institutional,2025-05-06,Net 30,2025-06-05,29016.6,2025-06-16,11
SO-202505-00472,CUST-023,Ashford Grill,Independent Restaurant,2025-05-22,Net 30,2025-06-21,21991.11,2025-06-24,3
SO-202505-00473,CUST-035,Hollow Tavern,Independent Restaurant,2025-05-11,Net 45,2025-06-25,18946.37,2025-06-25,0
SO-202505-00474,CUST-022,Ockham Provisions,Distributor Resale,2025-05-04,Net 45,2025-06-18,24286.87,2025-06-25,7
SO-202505-00475,CUST-020,Rushmoor Provisions,Independent Restaurant,2025-05-18,Net 30,2025-06-17,26788.9,2025-06-22,5
SO-202505-00476,CUST-042,Tarleton Grill,Independent Restaurant,2025-05-04,Net 15,2025-05-19,25175.98,2025-05-21,2
SO-202505-00477,CUST-029,Pine Bistro,Hotel & Hospitality,2025-05-23,Net 45,2025-07-07,37375.11,2025-07-08,1
SO-202505-00478,CUST-036,Tarleton Food Hall,Independent Restaurant,2025-05-22,Net 30,2025-06-21,21666.37,2025-06-28,7
SO-202506-00479,CUST-001,Copper Fork Group,Restaurant Group,2025-06-18,Net 45,2025-08-02,118396.46,2025-08-03,1
SO-202506-00480,CUST-002,Harborline Hospitality,Hotel & Hospitality,2025-06-30,Net 30,2025-07-30,84676.29,2025-08-06,7
SO-202506-00481,CUST-003,Vaughn & Sons Restaurant Co,Restaurant Group,2025-06-18,Net 45,2025-08-02,71790.48,2025-08-01,-1
SO-202506-00482,CUST-004,Meridian Public Schools,Institutional,2025-06-02,Net 60,2025-08-01,63381.88,2025-08-19,18
SO-202506-00483,CUST-005,Bright Harbor Hotels,Hotel & Hospitality,2025-06-21,Net 30,2025-07-21,72990.79,2025-07-18,-3
SO-202506-00484,CUST-006,Ridgeline Kitchens Group,Restaurant Group,2025-06-19,Net 30,2025-07-19,48612.94,2025-07-23,4
SO-202506-00485,CUST-007,Ashgrove Dining Partners,Restaurant Group,2025-06-08,Net 45,2025-07-23,44641.49,2025-07-25,2
SO-202506-00486,CUST-008,Northfield Medical Center,Institutional,2025-06-11,Net 60,2025-08-10,57471.77,2025-08-18,8
SO-202506-00487,CUST-009,Stonecrest Resale Supply,Distributor Resale,2025-06-16,Net 30,2025-07-16,41558.6,2025-07-25,9
SO-202506-00488,CUST-010,Lakeside Catering Co,Independent Restaurant,2025-06-24,Net 30,2025-07-24,45210.94,2025-07-27,3
SO-202506-00489,CUST-011,Sutton Kitchen,Institutional,2025-06-18,Net 45,2025-08-02,29661.12,2025-08-15,13
SO-202506-00490,CUST-012,Pendry Bistro,Institutional,2025-06-03,Net 45,2025-07-18,33825.94,2025-07-30,12
SO-202506-00491,CUST-013,Brackley Public House,Restaurant Group,2025-06-12,Net 15,2025-06-27,60261.86,2025-07-01,4
SO-202506-00492,CUST-014,Sutton Dining Co,Hotel & Hospitality,2025-06-01,Net 30,2025-07-01,16638.36,2025-07-05,4
SO-202506-00493,CUST-015,Pelham Dining Co,Restaurant Group,2025-06-28,Net 15,2025-07-13,38020.17,2025-07-13,0
SO-202506-00494,CUST-016,Marbury Food Hall,Restaurant Group,2025-06-23,Net 30,2025-07-23,41189.07,2025-07-28,5
SO-202506-00495,CUST-017,Weldon Kitchen,Distributor Resale,2025-06-22,Net 30,2025-07-22,35945.21,2025-07-28,6
SO-202506-00496,CUST-018,Pine Kitchen,Independent Restaurant,2025-06-07,Net 30,2025-07-07,59517.88,2025-07-11,4
SO-202506-00497,CUST-019,Birch Provisions,Independent Restaurant,2025-06-05,Net 30,2025-07-05,48697.92,2025-07-01,-4
SO-202506-00498,CUST-020,Rushmoor Provisions,Independent Restaurant,2025-06-20,Net 30,2025-07-20,20330.68,2025-07-30,10
SO-202506-00499,CUST-021,Quarry Provisions,Independent Restaurant,2025-06-03,Net 15,2025-06-18,29490.22,2025-06-21,3
SO-202506-00500,CUST-022,Ockham Provisions,Distributor Resale,2025-06-30,Net 45,2025-08-14,19297.41,2025-08-20,6
SO-202506-00501,CUST-023,Ashford Grill,Independent Restaurant,2025-06-06,Net 30,2025-07-06,29490.33,2025-07-06,0
SO-202506-00502,CUST-024,Hollow Kitchen,Independent Restaurant,2025-06-11,Net 30,2025-07-11,19977.31,2025-07-07,-4
SO-202506-00503,CUST-025,Pendry Food Hall,Restaurant Group,2025-06-19,Net 15,2025-07-04,29707.69,2025-07-07,3
SO-202506-00504,CUST-026,Old Tavern,Institutional,2025-06-18,Net 30,2025-07-18,44316.22,2025-08-03,16
SO-202506-00505,CUST-027,Wexley Dining Co,Hotel & Hospitality,2025-06-21,Net 30,2025-07-21,25732.55,2025-07-22,1
SO-202506-00506,CUST-028,Gilman Food Hall,Independent Restaurant,2025-06-18,Net 45,2025-08-02,49261.96,2025-08-01,-1
SO-202506-00507,CUST-029,Pine Bistro,Hotel & Hospitality,2025-06-11,Net 45,2025-07-26,32406.44,2025-08-02,7
SO-202506-00508,CUST-030,Norwood Food Hall,Independent Restaurant,2025-06-12,Net 15,2025-06-27,38787.3,2025-06-30,3
SO-202506-00509,CUST-031,Sutton Eatery,Independent Restaurant,2025-06-09,Net 30,2025-07-09,23445.6,2025-07-13,4
SO-202506-00510,CUST-032,Ashford Dining Co,Institutional,2025-06-15,Net 30,2025-07-15,54189.18,2025-07-23,8
SO-202506-00511,CUST-033,Norwood Tavern,Independent Restaurant,2025-06-16,Net 15,2025-07-01,42988.43,2025-07-08,7
SO-202506-00512,CUST-034,Ravensworth Eatery,Independent Restaurant,2025-06-18,Net 15,2025-07-03,49999.04,2025-07-11,8
SO-202506-00513,CUST-035,Hollow Tavern,Independent Restaurant,2025-06-10,Net 45,2025-07-25,43206.86,2025-07-28,3
SO-202506-00514,CUST-036,Tarleton Food Hall,Independent Restaurant,2025-06-29,Net 30,2025-07-29,16189.29,2025-08-01,3
SO-202506-00515,CUST-037,Tarleton Grill,Institutional,2025-06-20,Net 45,2025-08-04,42312.71,2025-08-18,14
SO-202506-00516,CUST-038,Old Tavern,Independent Restaurant,2025-06-07,Net 15,2025-06-22,23828.93,2025-06-29,7
SO-202506-00517,CUST-039,Hartwell Kitchen,Institutional,2025-06-14,Net 15,2025-06-29,37983.08,2025-07-12,13
SO-202506-00518,CUST-040,Marlow Hospitality Group,Restaurant Group,2025-06-18,Net 30,2025-07-18,27650.79,2025-07-26,8
SO-202506-00519,CUST-041,Quarry Dining Co,Distributor Resale,2025-06-17,Net 15,2025-07-02,26769.75,2025-07-05,3
SO-202506-00520,CUST-042,Tarleton Grill,Independent Restaurant,2025-06-26,Net 15,2025-07-11,24401.91,2025-07-05,-6
SO-202506-00521,CUST-043,Quarry Provisions,Independent Restaurant,2025-06-23,Net 30,2025-07-23,39484.95,2025-08-01,9
SO-202506-00522,CUST-044,Fairhaven Provisions,Distributor Resale,2025-06-02,Net 15,2025-06-17,31916.42,2025-06-23,6
SO-202506-00523,CUST-045,Weldon Grill,Hotel & Hospitality,2025-06-13,Net 30,2025-07-13,39940.2,2025-07-14,1
SO-202506-00524,CUST-046,Fairhaven Bistro,Institutional,2025-06-19,Net 30,2025-07-19,29178.37,2025-07-30,11
SO-202506-00525,CUST-023,Ashford Grill,Independent Restaurant,2025-06-18,Net 30,2025-07-18,19836.75,2025-07-15,-3
SO-202506-00526,CUST-035,Hollow Tavern,Independent Restaurant,2025-06-25,Net 45,2025-08-09,27772.83,2025-08-14,5
SO-202506-00527,CUST-022,Ockham Provisions,Distributor Resale,2025-06-27,Net 45,2025-08-11,19883.56,2025-08-14,3
SO-202506-00528,CUST-020,Rushmoor Provisions,Independent Restaurant,2025-06-21,Net 30,2025-07-21,35003.96,2025-07-30,9
SO-202506-00529,CUST-042,Tarleton Grill,Independent Restaurant,2025-06-23,Net 15,2025-07-08,30776.47,2025-07-04,-4
SO-202506-00530,CUST-029,Pine Bistro,Hotel & Hospitality,2025-06-06,Net 45,2025-07-21,32536.82,2025-07-23,2
SO-202506-00531,CUST-036,Tarleton Food Hall,Independent Restaurant,2025-06-22,Net 30,2025-07-22,19578.08,2025-07-26,4
SO-202507-00532,CUST-001,Copper Fork Group,Restaurant Group,2025-07-22,Net 45,2025-09-05,91702.74,2025-09-06,1
SO-202507-00533,CUST-002,Harborline Hospitality,Hotel & Hospitality,2025-07-20,Net 30,2025-08-19,59746.95,2025-08-20,1
SO-202507-00534,CUST-003,Vaughn & Sons Restaurant Co,Restaurant Group,2025-07-24,Net 45,2025-09-07,76727.09,2025-09-15,8
SO-202507-00535,CUST-004,Meridian Public Schools,Institutional,2025-07-17,Net 60,2025-09-15,90004.6,2025-10-01,16
SO-202507-00536,CUST-005,Bright Harbor Hotels,Hotel & Hospitality,2025-07-07,Net 30,2025-08-06,57146.73,2025-08-01,-5
SO-202507-00537,CUST-006,Ridgeline Kitchens Group,Restaurant Group,2025-07-15,Net 30,2025-08-14,43189.15,2025-08-20,6
SO-202507-00538,CUST-007,Ashgrove Dining Partners,Restaurant Group,2025-07-16,Net 45,2025-08-30,40585.08,2025-09-01,2
SO-202507-00539,CUST-008,Northfield Medical Center,Institutional,2025-07-10,Net 60,2025-09-08,78914.45,2025-09-19,11
SO-202507-00540,CUST-009,Stonecrest Resale Supply,Distributor Resale,2025-07-05,Net 30,2025-08-04,39925.1,2025-08-14,10
SO-202507-00541,CUST-010,Lakeside Catering Co,Independent Restaurant,2025-07-31,Net 30,2025-08-30,38648.84,2025-09-09,10
SO-202507-00542,CUST-011,Sutton Kitchen,Institutional,2025-07-05,Net 45,2025-08-19,26412.27,2025-08-29,10
SO-202507-00543,CUST-012,Pendry Bistro,Institutional,2025-07-26,Net 45,2025-09-09,42364.57,2025-09-18,9
SO-202507-00544,CUST-013,Brackley Public House,Restaurant Group,2025-07-30,Net 15,2025-08-14,38748.74,2025-08-22,8
SO-202507-00545,CUST-014,Sutton Dining Co,Hotel & Hospitality,2025-07-21,Net 30,2025-08-20,19941.16,2025-08-27,7
SO-202507-00546,CUST-015,Pelham Dining Co,Restaurant Group,2025-07-10,Net 15,2025-07-25,40573.33,2025-07-29,4
SO-202507-00547,CUST-016,Marbury Food Hall,Restaurant Group,2025-07-07,Net 30,2025-08-06,27253.04,2025-08-14,8
SO-202507-00548,CUST-017,Weldon Kitchen,Distributor Resale,2025-07-12,Net 30,2025-08-11,38842.74,2025-08-14,3
SO-202507-00549,CUST-018,Pine Kitchen,Independent Restaurant,2025-07-21,Net 30,2025-08-20,42204.3,2025-08-30,10
SO-202507-00550,CUST-019,Birch Provisions,Independent Restaurant,2025-07-11,Net 30,2025-08-10,41664.84,2025-08-08,-2
SO-202507-00551,CUST-020,Rushmoor Provisions,Independent Restaurant,2025-07-22,Net 30,2025-08-21,26892.59,2025-08-26,5
SO-202507-00552,CUST-021,Quarry Provisions,Independent Restaurant,2025-07-17,Net 15,2025-08-01,25747.52,2025-08-10,9
SO-202507-00553,CUST-022,Ockham Provisions,Distributor Resale,2025-07-26,Net 45,2025-09-09,16198.09,2025-09-16,7
SO-202507-00554,CUST-023,Ashford Grill,Independent Restaurant,2025-07-12,Net 30,2025-08-11,33962.12,2025-08-14,3
SO-202507-00555,CUST-024,Hollow Kitchen,Independent Restaurant,2025-07-18,Net 30,2025-08-17,13422.99,2025-08-23,6
SO-202507-00556,CUST-025,Pendry Food Hall,Restaurant Group,2025-07-08,Net 15,2025-07-23,27260.63,2025-07-30,7
SO-202507-00557,CUST-026,Old Tavern,Institutional,2025-07-13,Net 30,2025-08-12,51691.86,2025-08-29,17
SO-202507-00558,CUST-027,Wexley Dining Co,Hotel & Hospitality,2025-07-11,Net 30,2025-08-10,30246.95,2025-08-16,6
SO-202507-00559,CUST-028,Gilman Food Hall,Independent Restaurant,2025-07-22,Net 45,2025-09-05,30655.62,2025-09-08,3
SO-202507-00560,CUST-029,Pine Bistro,Hotel & Hospitality,2025-07-22,Net 45,2025-09-05,26155.94,2025-09-08,3
SO-202507-00561,CUST-030,Norwood Food Hall,Independent Restaurant,2025-07-05,Net 15,2025-07-20,28486.45,2025-07-25,5
SO-202507-00562,CUST-031,Sutton Eatery,Independent Restaurant,2025-07-05,Net 30,2025-08-04,22706.14,2025-08-08,4
SO-202507-00563,CUST-032,Ashford Dining Co,Institutional,2025-07-28,Net 30,2025-08-27,71806.09,2025-09-13,17
SO-202507-00564,CUST-033,Norwood Tavern,Independent Restaurant,2025-07-27,Net 15,2025-08-11,40001.68,2025-08-21,10
SO-202507-00565,CUST-034,Ravensworth Eatery,Independent Restaurant,2025-07-23,Net 15,2025-08-07,37879.82,2025-08-19,12
SO-202507-00566,CUST-035,Hollow Tavern,Independent Restaurant,2025-07-28,Net 45,2025-09-11,36626.37,2025-09-13,2
SO-202507-00567,CUST-036,Tarleton Food Hall,Independent Restaurant,2025-07-31,Net 30,2025-08-30,15821.32,2025-08-30,0
SO-202507-00568,CUST-037,Tarleton Grill,Institutional,2025-07-11,Net 45,2025-08-25,56294.39,2025-09-07,13
SO-202507-00569,CUST-038,Old Tavern,Independent Restaurant,2025-07-27,Net 15,2025-08-11,21992.57,2025-08-25,14
SO-202507-00570,CUST-039,Hartwell Kitchen,Institutional,2025-07-07,Net 15,2025-07-22,58773.13,2025-07-31,9
SO-202507-00571,CUST-040,Marlow Hospitality Group,Restaurant Group,2025-07-08,Net 30,2025-08-07,29761.87,2025-08-19,12
SO-202507-00572,CUST-041,Quarry Dining Co,Distributor Resale,2025-07-31,Net 15,2025-08-15,24333.34,2025-08-20,5
SO-202507-00573,CUST-042,Tarleton Grill,Independent Restaurant,2025-07-05,Net 15,2025-07-20,22665.28,2025-07-16,-4
SO-202507-00574,CUST-043,Quarry Provisions,Independent Restaurant,2025-07-15,Net 30,2025-08-14,32245.0,2025-08-15,1
SO-202507-00575,CUST-044,Fairhaven Provisions,Distributor Resale,2025-07-15,Net 15,2025-07-30,47883.08,2025-08-06,7
SO-202507-00576,CUST-045,Weldon Grill,Hotel & Hospitality,2025-07-11,Net 30,2025-08-10,38207.25,2025-08-11,1
SO-202507-00577,CUST-046,Fairhaven Bistro,Institutional,2025-07-31,Net 30,2025-08-30,54562.51,2025-09-14,15
SO-202507-00578,CUST-023,Ashford Grill,Independent Restaurant,2025-07-08,Net 30,2025-08-07,24974.9,2025-08-08,1
SO-202507-00579,CUST-035,Hollow Tavern,Independent Restaurant,2025-07-22,Net 45,2025-09-05,39342.13,2025-09-11,6
SO-202507-00580,CUST-022,Ockham Provisions,Distributor Resale,2025-07-05,Net 45,2025-08-19,30097.95,2025-08-28,9
SO-202507-00581,CUST-020,Rushmoor Provisions,Independent Restaurant,2025-07-10,Net 30,2025-08-09,21331.65,2025-08-19,10
SO-202507-00582,CUST-042,Tarleton Grill,Independent Restaurant,2025-07-15,Net 15,2025-07-30,23633.85,2025-07-30,0
SO-202507-00583,CUST-029,Pine Bistro,Hotel & Hospitality,2025-07-30,Net 45,2025-09-13,29851.2,2025-09-16,3
SO-202507-00584,CUST-036,Tarleton Food Hall,Independent Restaurant,2025-07-24,Net 30,2025-08-23,37651.05,2025-08-29,6
SO-202508-00585,CUST-001,Copper Fork Group,Restaurant Group,2025-08-20,Net 45,2025-10-04,98106.31,2025-10-04,0
SO-202508-00586,CUST-002,Harborline Hospitality,Hotel & Hospitality,2025-08-07,Net 30,2025-09-06,70859.54,2025-09-10,4
SO-202508-00587,CUST-003,Vaughn & Sons Restaurant Co,Restaurant Group,2025-08-24,Net 45,2025-10-08,74924.1,2025-10-16,8
SO-202508-00588,CUST-004,Meridian Public Schools,Institutional,2025-08-08,Net 60,2025-10-07,103505.36,2025-10-21,14
SO-202508-00589,CUST-005,Bright Harbor Hotels,Hotel & Hospitality,2025-08-14,Net 30,2025-09-13,52918.65,2025-09-10,-3
SO-202508-00590,CUST-006,Ridgeline Kitchens Group,Restaurant Group,2025-08-23,Net 30,2025-09-22,43823.57,2025-09-27,5
SO-202508-00591,CUST-007,Ashgrove Dining Partners,Restaurant Group,2025-08-31,Net 45,2025-10-15,33800.42,2025-10-13,-2
SO-202508-00592,CUST-008,Northfield Medical Center,Institutional,2025-08-04,Net 60,2025-10-03,88047.13,2025-10-09,6
SO-202508-00593,CUST-009,Stonecrest Resale Supply,Distributor Resale,2025-08-08,Net 30,2025-09-07,30224.71,2025-09-19,12
SO-202508-00594,CUST-010,Lakeside Catering Co,Independent Restaurant,2025-08-10,Net 30,2025-09-09,33445.17,2025-09-20,11
SO-202508-00595,CUST-011,Sutton Kitchen,Institutional,2025-08-18,Net 45,2025-10-02,31688.93,2025-10-14,12
SO-202508-00596,CUST-012,Pendry Bistro,Institutional,2025-08-20,Net 45,2025-10-04,48874.55,2025-10-12,8
SO-202508-00597,CUST-013,Brackley Public House,Restaurant Group,2025-08-24,Net 15,2025-09-08,62620.82,2025-09-19,11
SO-202508-00598,CUST-014,Sutton Dining Co,Hotel & Hospitality,2025-08-30,Net 30,2025-09-29,13338.43,2025-10-10,11
SO-202508-00599,CUST-015,Pelham Dining Co,Restaurant Group,2025-08-26,Net 15,2025-09-10,48772.87,2025-09-09,-1
SO-202508-00600,CUST-016,Marbury Food Hall,Restaurant Group,2025-08-24,Net 30,2025-09-23,27131.93,2025-10-01,8
SO-202508-00601,CUST-017,Weldon Kitchen,Distributor Resale,2025-08-10,Net 30,2025-09-09,26141.8,2025-09-15,6
SO-202508-00602,CUST-018,Pine Kitchen,Independent Restaurant,2025-08-19,Net 30,2025-09-18,34467.14,2025-09-20,2
SO-202508-00603,CUST-019,Birch Provisions,Independent Restaurant,2025-08-16,Net 30,2025-09-15,40564.86,2025-09-14,-1
SO-202508-00604,CUST-020,Rushmoor Provisions,Independent Restaurant,2025-08-26,Net 30,2025-09-25,25201.56,2025-10-05,10
SO-202508-00605,CUST-021,Quarry Provisions,Independent Restaurant,2025-08-24,Net 15,2025-09-08,32626.73,2025-09-08,0
SO-202508-00606,CUST-022,Ockham Provisions,Distributor Resale,2025-08-07,Net 45,2025-09-21,38977.74,2025-09-26,5
SO-202508-00607,CUST-023,Ashford Grill,Independent Restaurant,2025-08-03,Net 30,2025-09-02,31384.03,2025-09-04,2
SO-202508-00608,CUST-024,Hollow Kitchen,Independent Restaurant,2025-08-14,Net 30,2025-09-13,16872.56,2025-09-16,3
SO-202508-00609,CUST-025,Pendry Food Hall,Restaurant Group,2025-08-15,Net 15,2025-08-30,30208.35,2025-09-02,3
SO-202508-00610,CUST-026,Old Tavern,Institutional,2025-08-28,Net 30,2025-09-27,62365.18,2025-10-13,16
SO-202508-00611,CUST-027,Wexley Dining Co,Hotel & Hospitality,2025-08-04,Net 30,2025-09-03,33103.56,2025-09-05,2
SO-202508-00612,CUST-028,Gilman Food Hall,Independent Restaurant,2025-08-20,Net 45,2025-10-04,29051.41,2025-10-05,1
SO-202508-00613,CUST-029,Pine Bistro,Hotel & Hospitality,2025-08-03,Net 45,2025-09-17,29767.02,2025-09-20,3
SO-202508-00614,CUST-030,Norwood Food Hall,Independent Restaurant,2025-08-27,Net 15,2025-09-11,21047.83,2025-09-10,-1
SO-202508-00615,CUST-031,Sutton Eatery,Independent Restaurant,2025-08-08,Net 30,2025-09-07,15560.78,2025-09-14,7
SO-202508-00616,CUST-032,Ashford Dining Co,Institutional,2025-08-16,Net 30,2025-09-15,87231.35,2025-10-02,17
SO-202508-00617,CUST-033,Norwood Tavern,Independent Restaurant,2025-08-17,Net 15,2025-09-01,33416.32,2025-09-12,11
SO-202508-00618,CUST-034,Ravensworth Eatery,Independent Restaurant,2025-08-04,Net 15,2025-08-19,33883.8,2025-08-27,8
SO-202508-00619,CUST-035,Hollow Tavern,Independent Restaurant,2025-08-03,Net 45,2025-09-17,32814.87,2025-09-23,6
SO-202508-00620,CUST-036,Tarleton Food Hall,Independent Restaurant,2025-08-05,Net 30,2025-09-04,16522.99,2025-09-05,1
SO-202508-00621,CUST-037,Tarleton Grill,Institutional,2025-08-12,Net 45,2025-09-26,58786.96,2025-10-07,11
SO-202508-00622,CUST-038,Old Tavern,Independent Restaurant,2025-08-17,Net 15,2025-09-01,18804.96,2025-09-10,9
SO-202508-00623,CUST-039,Hartwell Kitchen,Institutional,2025-08-01,Net 15,2025-08-16,59860.25,2025-08-29,13
SO-202508-00624,CUST-040,Marlow Hospitality Group,Restaurant Group,2025-08-21,Net 30,2025-09-20,33676.54,2025-10-01,11
SO-202508-00625,CUST-041,Quarry Dining Co,Distributor Resale,2025-08-26,Net 15,2025-09-10,22158.33,2025-09-08,-2
SO-202508-00626,CUST-042,Tarleton Grill,Independent Restaurant,2025-08-04,Net 15,2025-08-19,30874.42,2025-08-15,-4
SO-202508-00627,CUST-043,Quarry Provisions,Independent Restaurant,2025-08-08,Net 30,2025-09-07,37318.86,2025-09-08,1
SO-202508-00628,CUST-044,Fairhaven Provisions,Distributor Resale,2025-08-11,Net 15,2025-08-26,26302.97,2025-08-29,3
SO-202508-00629,CUST-045,Weldon Grill,Hotel & Hospitality,2025-08-20,Net 30,2025-09-19,32373.68,2025-09-22,3
SO-202508-00630,CUST-046,Fairhaven Bistro,Institutional,2025-08-17,Net 30,2025-09-16,45689.93,2025-10-04,18
SO-202508-00631,CUST-023,Ashford Grill,Independent Restaurant,2025-08-16,Net 30,2025-09-15,18979.1,2025-09-20,5
SO-202508-00632,CUST-035,Hollow Tavern,Independent Restaurant,2025-08-16,Net 45,2025-09-30,20811.77,2025-10-06,6
SO-202508-00633,CUST-022,Ockham Provisions,Distributor Resale,2025-08-14,Net 45,2025-09-28,27350.65,2025-10-05,7
SO-202508-00634,CUST-020,Rushmoor Provisions,Independent Restaurant,2025-08-11,Net 30,2025-09-10,21192.75,2025-09-20,10
SO-202508-00635,CUST-042,Tarleton Grill,Independent Restaurant,2025-08-04,Net 15,2025-08-19,29508.51,2025-08-21,2
SO-202508-00636,CUST-029,Pine Bistro,Hotel & Hospitality,2025-08-16,Net 45,2025-09-30,24025.77,2025-10-08,8
SO-202508-00637,CUST-036,Tarleton Food Hall,Independent Restaurant,2025-08-10,Net 30,2025-09-09,21461.5,2025-09-17,8
SO-202509-00638,CUST-001,Copper Fork Group,Restaurant Group,2025-09-07,Net 45,2025-10-22,41518.27,2025-10-25,3
SO-202509-00639,CUST-002,Harborline Hospitality,Hotel & Hospitality,2025-09-04,Net 30,2025-10-04,95464.09,2025-10-03,-1
SO-202509-00640,CUST-003,Vaughn & Sons Restaurant Co,Restaurant Group,2025-09-03,Net 45,2025-10-18,63858.12,2025-10-26,8
SO-202509-00641,CUST-004,Meridian Public Schools,Institutional,2025-09-21,Net 60,2025-11-20,51918.73,2025-11-30,10
SO-202509-00642,CUST-005,Bright Harbor Hotels,Hotel & Hospitality,2025-09-07,Net 30,2025-10-07,58485.99,2025-10-03,-4
SO-202509-00643,CUST-006,Ridgeline Kitchens Group,Restaurant Group,2025-09-02,Net 30,2025-10-02,61475.09,2025-10-09,7
SO-202509-00644,CUST-007,Ashgrove Dining Partners,Restaurant Group,2025-09-05,Net 45,2025-10-20,53863.59,2025-10-22,2
SO-202509-00645,CUST-008,Northfield Medical Center,Institutional,2025-09-28,Net 60,2025-11-27,50202.18,2025-12-08,11
SO-202509-00646,CUST-009,Stonecrest Resale Supply,Distributor Resale,2025-09-19,Net 30,2025-10-19,37943.85,2025-10-24,5
SO-202509-00647,CUST-010,Lakeside Catering Co,Independent Restaurant,2025-09-14,Net 30,2025-10-14,32790.99,2025-10-24,10
SO-202509-00648,CUST-011,Sutton Kitchen,Institutional,2025-09-12,Net 45,2025-10-27,15632.71,2025-11-08,12
SO-202509-00649,CUST-012,Pendry Bistro,Institutional,2025-09-29,Net 45,2025-11-13,32618.53,2025-11-17,4
SO-202509-00650,CUST-013,Brackley Public House,Restaurant Group,2025-09-23,Net 15,2025-10-08,54278.59,2025-10-11,3
SO-202509-00651,CUST-014,Sutton Dining Co,Hotel & Hospitality,2025-09-26,Net 30,2025-10-26,20813.53,2025-10-30,4
SO-202509-00652,CUST-015,Pelham Dining Co,Restaurant Group,2025-09-24,Net 15,2025-10-09,34113.58,2025-10-09,0
SO-202509-00653,CUST-016,Marbury Food Hall,Restaurant Group,2025-09-23,Net 30,2025-10-23,23335.09,2025-10-29,6
SO-202509-00654,CUST-017,Weldon Kitchen,Distributor Resale,2025-09-24,Net 30,2025-10-24,33019.22,2025-10-25,1
SO-202509-00655,CUST-018,Pine Kitchen,Independent Restaurant,2025-09-06,Net 30,2025-10-06,42477.61,2025-10-13,7
SO-202509-00656,CUST-019,Birch Provisions,Independent Restaurant,2025-09-08,Net 30,2025-10-08,45282.65,2025-10-05,-3
SO-202509-00657,CUST-020,Rushmoor Provisions,Independent Restaurant,2025-09-10,Net 30,2025-10-10,22633.89,2025-10-20,10
SO-202509-00658,CUST-021,Quarry Provisions,Independent Restaurant,2025-09-08,Net 15,2025-09-23,31507.25,2025-10-01,8
SO-202509-00659,CUST-022,Ockham Provisions,Distributor Resale,2025-09-10,Net 45,2025-10-25,23083.06,2025-11-04,10
SO-202509-00660,CUST-023,Ashford Grill,Independent Restaurant,2025-09-07,Net 30,2025-10-07,32246.8,2025-10-06,-1
SO-202509-00661,CUST-024,Hollow Kitchen,Independent Restaurant,2025-09-09,Net 30,2025-10-09,24921.5,2025-10-12,3
SO-202509-00662,CUST-025,Pendry Food Hall,Restaurant Group,2025-09-28,Net 15,2025-10-13,32478.29,2025-10-20,7
SO-202509-00663,CUST-026,Old Tavern,Institutional,2025-09-29,Net 30,2025-10-29,36390.6,2025-11-06,8
SO-202509-00664,CUST-027,Wexley Dining Co,Hotel & Hospitality,2025-09-21,Net 30,2025-10-21,39660.31,2025-10-19,-2
SO-202509-00665,CUST-028,Gilman Food Hall,Independent Restaurant,2025-09-20,Net 45,2025-11-04,28541.25,2025-11-03,-1
SO-202509-00666,CUST-029,Pine Bistro,Hotel & Hospitality,2025-09-08,Net 45,2025-10-23,21217.72,2025-10-23,0
SO-202509-00667,CUST-030,Norwood Food Hall,Independent Restaurant,2025-09-07,Net 15,2025-09-22,29217.95,2025-09-25,3
SO-202509-00668,CUST-031,Sutton Eatery,Independent Restaurant,2025-09-17,Net 30,2025-10-17,17084.2,2025-10-16,-1
SO-202509-00669,CUST-032,Ashford Dining Co,Institutional,2025-09-25,Net 30,2025-10-25,43310.44,2025-11-09,15
SO-202509-00670,CUST-033,Norwood Tavern,Independent Restaurant,2025-09-20,Net 15,2025-10-05,33407.56,2025-10-09,4
SO-202509-00671,CUST-034,Ravensworth Eatery,Independent Restaurant,2025-09-22,Net 15,2025-10-07,43368.34,2025-10-16,9
SO-202509-00672,CUST-035,Hollow Tavern,Independent Restaurant,2025-09-27,Net 45,2025-11-11,40746.28,2025-11-12,1
SO-202509-00673,CUST-036,Tarleton Food Hall,Independent Restaurant,2025-09-28,Net 30,2025-10-28,14428.91,2025-10-27,-1
SO-202509-00674,CUST-037,Tarleton Grill,Institutional,2025-09-06,Net 45,2025-10-21,52352.47,2025-10-26,5
SO-202509-00675,CUST-038,Old Tavern,Independent Restaurant,2025-09-29,Net 15,2025-10-14,35460.26,2025-10-20,6
SO-202509-00676,CUST-039,Hartwell Kitchen,Institutional,2025-09-26,Net 15,2025-10-11,51739.06,2025-10-26,15
SO-202509-00677,CUST-040,Marlow Hospitality Group,Restaurant Group,2025-09-25,Net 30,2025-10-25,26099.65,2025-11-05,11
SO-202509-00678,CUST-041,Quarry Dining Co,Distributor Resale,2025-09-18,Net 15,2025-10-03,26613.18,2025-09-29,-4
SO-202509-00679,CUST-042,Tarleton Grill,Independent Restaurant,2025-09-24,Net 15,2025-10-09,33040.99,2025-10-03,-6
SO-202509-00680,CUST-043,Quarry Provisions,Independent Restaurant,2025-09-13,Net 30,2025-10-13,39373.59,2025-10-22,9
SO-202509-00681,CUST-044,Fairhaven Provisions,Distributor Resale,2025-09-06,Net 15,2025-09-21,34236.2,2025-09-26,5
SO-202509-00682,CUST-045,Weldon Grill,Hotel & Hospitality,2025-09-21,Net 30,2025-10-21,48090.6,2025-10-23,2
SO-202509-00683,CUST-046,Fairhaven Bistro,Institutional,2025-09-30,Net 30,2025-10-30,26622.24,2025-11-09,10
SO-202509-00684,CUST-023,Ashford Grill,Independent Restaurant,2025-09-29,Net 30,2025-10-29,29608.29,2025-10-30,1
SO-202509-00685,CUST-035,Hollow Tavern,Independent Restaurant,2025-09-07,Net 45,2025-10-22,26865.41,2025-10-30,8
SO-202509-00686,CUST-022,Ockham Provisions,Distributor Resale,2025-09-04,Net 45,2025-10-19,34122.31,2025-10-24,5
SO-202509-00687,CUST-020,Rushmoor Provisions,Independent Restaurant,2025-09-04,Net 30,2025-10-04,20352.66,2025-10-13,9
SO-202509-00688,CUST-042,Tarleton Grill,Independent Restaurant,2025-09-12,Net 15,2025-09-27,25218.94,2025-09-22,-5
SO-202509-00689,CUST-029,Pine Bistro,Hotel & Hospitality,2025-09-23,Net 45,2025-11-07,22268.84,2025-11-15,8
SO-202509-00690,CUST-036,Tarleton Food Hall,Independent Restaurant,2025-09-12,Net 30,2025-10-12,23916.8,2025-10-17,5
SO-202510-00691,CUST-001,Copper Fork Group,Restaurant Group,2025-10-21,Net 45,2025-12-05,112393.71,2025-12-05,0
SO-202510-00692,CUST-002,Harborline Hospitality,Hotel & Hospitality,2025-10-21,Net 30,2025-11-20,92523.32,2025-11-28,8
SO-202510-00693,CUST-003,Vaughn & Sons Restaurant Co,Restaurant Group,2025-10-01,Net 45,2025-11-15,90209.73,2025-11-16,1
SO-202510-00694,CUST-004,Meridian Public Schools,Institutional,2025-10-10,Net 60,2025-12-09,79740.98,2025-12-24,15
SO-202510-00695,CUST-005,Bright Harbor Hotels,Hotel & Hospitality,2025-10-07,Net 30,2025-11-06,62377.56,2025-11-03,-3
SO-202510-00696,CUST-006,Ridgeline Kitchens Group,Restaurant Group,2025-10-06,Net 30,2025-11-05,47982.34,2025-11-15,10
SO-202510-00697,CUST-007,Ashgrove Dining Partners,Restaurant Group,2025-10-14,Net 45,2025-11-28,62329.7,2025-12-03,5
SO-202510-00698,CUST-008,Northfield Medical Center,Institutional,2025-10-28,Net 60,2025-12-27,39158.6,2026-01-02,6
SO-202510-00699,CUST-009,Stonecrest Resale Supply,Distributor Resale,2025-10-05,Net 30,2025-11-04,50367.62,2025-11-16,12
SO-202510-00700,CUST-010,Lakeside Catering Co,Independent Restaurant,2025-10-06,Net 30,2025-11-05,45401.14,2025-11-13,8
SO-202510-00701,CUST-011,Sutton Kitchen,Institutional,2025-10-01,Net 45,2025-11-15,30519.83,2025-11-24,9
SO-202510-00702,CUST-012,Pendry Bistro,Institutional,2025-10-21,Net 45,2025-12-05,39151.41,2025-12-09,4
SO-202510-00703,CUST-013,Brackley Public House,Restaurant Group,2025-10-09,Net 15,2025-10-24,61825.59,2025-11-03,10
SO-202510-00704,CUST-014,Sutton Dining Co,Hotel & Hospitality,2025-10-18,Net 30,2025-11-17,25608.26,2025-11-24,7
SO-202510-00705,CUST-015,Pelham Dining Co,Restaurant Group,2025-10-27,Net 15,2025-11-11,51588.0,2025-11-13,2
SO-202510-00706,CUST-016,Marbury Food Hall,Restaurant Group,2025-10-24,Net 30,2025-11-23,37106.85,2025-11-30,7
SO-202510-00707,CUST-017,Weldon Kitchen,Distributor Resale,2025-10-11,Net 30,2025-11-10,37595.5,2025-11-13,3
SO-202510-00708,CUST-018,Pine Kitchen,Independent Restaurant,2025-10-28,Net 30,2025-11-27,46312.0,2025-12-04,7
SO-202510-00709,CUST-019,Birch Provisions,Independent Restaurant,2025-10-21,Net 30,2025-11-20,62925.66,2025-11-23,3
SO-202510-00710,CUST-020,Rushmoor Provisions,Independent Restaurant,2025-10-13,Net 30,2025-11-12,32810.46,2025-11-20,8
SO-202510-00711,CUST-021,Quarry Provisions,Independent Restaurant,2025-10-10,Net 15,2025-10-25,29842.94,2025-11-01,7
SO-202510-00712,CUST-022,Ockham Provisions,Distributor Resale,2025-10-24,Net 45,2025-12-08,28241.55,2025-12-17,9
SO-202510-00713,CUST-023,Ashford Grill,Independent Restaurant,2025-10-26,Net 30,2025-11-25,41242.37,2025-11-25,0
SO-202510-00714,CUST-024,Hollow Kitchen,Independent Restaurant,2025-10-05,Net 30,2025-11-04,21744.96,2025-11-01,-3
SO-202510-00715,CUST-025,Pendry Food Hall,Restaurant Group,2025-10-12,Net 15,2025-10-27,34296.12,2025-10-31,4
SO-202510-00716,CUST-026,Old Tavern,Institutional,2025-10-22,Net 30,2025-11-21,39314.79,2025-11-30,9
SO-202510-00717,CUST-027,Wexley Dining Co,Hotel & Hospitality,2025-10-22,Net 30,2025-11-21,32787.75,2025-11-21,0
SO-202510-00718,CUST-028,Gilman Food Hall,Independent Restaurant,2025-10-12,Net 45,2025-11-26,48344.27,2025-11-25,-1
SO-202510-00719,CUST-029,Pine Bistro,Hotel & Hospitality,2025-10-31,Net 45,2025-12-15,33234.99,2025-12-23,8
SO-202510-00720,CUST-030,Norwood Food Hall,Independent Restaurant,2025-10-26,Net 15,2025-11-10,33988.17,2025-11-13,3
SO-202510-00721,CUST-031,Sutton Eatery,Independent Restaurant,2025-10-30,Net 30,2025-11-29,24749.34,2025-12-06,7
SO-202510-00722,CUST-032,Ashford Dining Co,Institutional,2025-10-16,Net 30,2025-11-15,41477.85,2025-11-25,10
SO-202510-00723,CUST-033,Norwood Tavern,Independent Restaurant,2025-10-12,Net 15,2025-10-27,39310.79,2025-11-01,5
SO-202510-00724,CUST-034,Ravensworth Eatery,Independent Restaurant,2025-10-23,Net 15,2025-11-07,50679.03,2025-11-14,7
SO-202510-00725,CUST-035,Hollow Tavern,Independent Restaurant,2025-10-02,Net 45,2025-11-16,41872.71,2025-11-23,7
SO-202510-00726,CUST-036,Tarleton Food Hall,Independent Restaurant,2025-10-24,Net 30,2025-11-23,16386.03,2025-11-26,3
SO-202510-00727,CUST-037,Tarleton Grill,Institutional,2025-10-01,Net 45,2025-11-15,45696.3,2025-11-20,5
SO-202510-00728,CUST-038,Old Tavern,Independent Restaurant,2025-10-01,Net 15,2025-10-16,31882.99,2025-10-24,8
SO-202510-00729,CUST-039,Hartwell Kitchen,Institutional,2025-10-27,Net 15,2025-11-11,47828.69,2025-11-18,7
SO-202510-00730,CUST-040,Marlow Hospitality Group,Restaurant Group,2025-10-12,Net 30,2025-11-11,24936.86,2025-11-18,7
SO-202510-00731,CUST-041,Quarry Dining Co,Distributor Resale,2025-10-17,Net 15,2025-11-01,40761.64,2025-11-07,6
SO-202510-00732,CUST-042,Tarleton Grill,Independent Restaurant,2025-10-14,Net 15,2025-10-29,27323.04,2025-10-29,0
SO-202510-00733,CUST-043,Quarry Provisions,Independent Restaurant,2025-10-26,Net 30,2025-11-25,49917.17,2025-12-04,9
SO-202510-00734,CUST-044,Fairhaven Provisions,Distributor Resale,2025-10-19,Net 15,2025-11-03,39281.53,2025-11-09,6
SO-202510-00735,CUST-045,Weldon Grill,Hotel & Hospitality,2025-10-17,Net 30,2025-11-16,44749.99,2025-11-24,8
SO-202510-00736,CUST-046,Fairhaven Bistro,Institutional,2025-10-11,Net 30,2025-11-10,41974.49,2025-11-22,12
SO-202510-00737,CUST-023,Ashford Grill,Independent Restaurant,2025-10-21,Net 30,2025-11-20,19627.74,2025-11-22,2
SO-202510-00738,CUST-035,Hollow Tavern,Independent Restaurant,2025-10-05,Net 45,2025-11-19,22459.99,2025-11-27,8
SO-202510-00739,CUST-022,Ockham Provisions,Distributor Resale,2025-10-25,Net 45,2025-12-09,27096.31,2025-12-16,7
SO-202510-00740,CUST-020,Rushmoor Provisions,Independent Restaurant,2025-10-17,Net 30,2025-11-16,19593.0,2025-11-26,10
SO-202510-00741,CUST-042,Tarleton Grill,Independent Restaurant,2025-10-02,Net 15,2025-10-17,38661.18,2025-10-14,-3
SO-202510-00742,CUST-029,Pine Bistro,Hotel & Hospitality,2025-10-27,Net 45,2025-12-11,33638.65,2025-12-15,4
SO-202510-00743,CUST-036,Tarleton Food Hall,Independent Restaurant,2025-10-14,Net 30,2025-11-13,18425.11,2025-11-18,5
SO-202510-00744,CUST-001,Copper Fork Group,Restaurant Group,2025-10-15,Net 45,2025-11-29,281071.93,2025-11-28,-1
SO-202511-00745,CUST-001,Copper Fork Group,Restaurant Group,2025-11-12,Net 45,2025-12-27,121270.91,2026-01-01,5
SO-202511-00746,CUST-002,Harborline Hospitality,Hotel & Hospitality,2025-11-11,Net 30,2025-12-11,119804.2,2025-12-16,5
SO-202511-00747,CUST-003,Vaughn & Sons Restaurant Co,Restaurant Group,2025-11-21,Net 45,2026-01-05,101284.55,2026-01-10,5
SO-202511-00748,CUST-004,Meridian Public Schools,Institutional,2025-11-14,Net 60,2026-01-13,81814.9,2026-02-01,19
SO-202511-00749,CUST-005,Bright Harbor Hotels,Hotel & Hospitality,2025-11-23,Net 30,2025-12-23,71260.75,2025-12-26,3
SO-202511-00750,CUST-006,Ridgeline Kitchens Group,Restaurant Group,2025-11-02,Net 30,2025-12-02,86107.15,2025-12-12,10
SO-202511-00751,CUST-007,Ashgrove Dining Partners,Restaurant Group,2025-11-12,Net 45,2025-12-27,59799.73,2025-12-30,3
SO-202511-00752,CUST-008,Northfield Medical Center,Institutional,2025-11-20,Net 60,2026-01-19,65277.08,2026-01-29,10
SO-202511-00753,CUST-009,Stonecrest Resale Supply,Distributor Resale,2025-11-23,Net 30,2025-12-23,49937.32,2026-01-05,13
SO-202511-00754,CUST-010,Lakeside Catering Co,Independent Restaurant,2025-11-03,Net 30,2025-12-03,49311.56,2025-12-13,10
SO-202511-00755,CUST-011,Sutton Kitchen,Institutional,2025-11-05,Net 45,2025-12-20,28963.0,2025-12-27,7
SO-202511-00756,CUST-012,Pendry Bistro,Institutional,2025-11-25,Net 45,2026-01-09,32514.56,2026-01-18,9
SO-202511-00757,CUST-013,Brackley Public House,Restaurant Group,2025-11-26,Net 15,2025-12-11,60856.3,2025-12-15,4
SO-202511-00758,CUST-014,Sutton Dining Co,Hotel & Hospitality,2025-11-12,Net 30,2025-12-12,24978.54,2025-12-18,6
SO-202511-00759,CUST-015,Pelham Dining Co,Restaurant Group,2025-11-15,Net 15,2025-11-30,39793.11,2025-12-03,3
SO-202511-00760,CUST-016,Marbury Food Hall,Restaurant Group,2025-11-30,Net 30,2025-12-30,44121.88,2026-01-02,3
SO-202511-00761,CUST-017,Weldon Kitchen,Distributor Resale,2025-11-27,Net 30,2025-12-27,44223.54,2025-12-28,1
SO-202511-00762,CUST-018,Pine Kitchen,Independent Restaurant,2025-11-10,Net 30,2025-12-10,56258.51,2025-12-12,2
SO-202511-00763,CUST-019,Birch Provisions,Independent Restaurant,2025-11-02,Net 30,2025-12-02,70485.52,2025-12-01,-1
SO-202511-00764,CUST-020,Rushmoor Provisions,Independent Restaurant,2025-11-29,Net 30,2025-12-29,38694.5,2026-01-07,9
SO-202511-00765,CUST-021,Quarry Provisions,Independent Restaurant,2025-11-20,Net 15,2025-12-05,28509.26,2025-12-13,8
SO-202511-00766,CUST-022,Ockham Provisions,Distributor Resale,2025-11-29,Net 45,2026-01-13,33126.6,2026-01-16,3
SO-202511-00767,CUST-023,Ashford Grill,Independent Restaurant,2025-11-17,Net 30,2025-12-17,47555.52,2025-12-23,6
SO-202511-00768,CUST-024,Hollow Kitchen,Independent Restaurant,2025-11-16,Net 30,2025-12-16,28003.76,2025-12-16,0
SO-202511-00769,CUST-025,Pendry Food Hall,Restaurant Group,2025-11-29,Net 15,2025-12-14,38324.93,2025-12-20,6
SO-202511-00770,CUST-026,Old Tavern,Institutional,2025-11-03,Net 30,2025-12-03,48349.89,2025-12-15,12
SO-202511-00771,CUST-027,Wexley Dining Co,Hotel & Hospitality,2025-11-17,Net 30,2025-12-17,31869.73,2025-12-17,0
SO-202511-00772,CUST-028,Gilman Food Hall,Independent Restaurant,2025-11-25,Net 45,2026-01-09,54279.48,2026-01-09,0
SO-202511-00773,CUST-029,Pine Bistro,Hotel & Hospitality,2025-11-02,Net 45,2025-12-17,36000.05,2025-12-21,4
SO-202511-00774,CUST-030,Norwood Food Hall,Independent Restaurant,2025-11-04,Net 15,2025-11-19,39514.28,2025-11-18,-1
SO-202511-00775,CUST-031,Sutton Eatery,Independent Restaurant,2025-11-06,Net 30,2025-12-06,32675.0,2025-12-05,-1
SO-202511-00776,CUST-032,Ashford Dining Co,Institutional,2025-11-03,Net 30,2025-12-03,64186.11,2025-12-16,13
SO-202511-00777,CUST-033,Norwood Tavern,Independent Restaurant,2025-11-06,Net 15,2025-11-21,61032.03,2025-11-23,2
SO-202511-00778,CUST-034,Ravensworth Eatery,Independent Restaurant,2025-11-02,Net 15,2025-11-17,45133.64,2025-11-25,8
SO-202511-00779,CUST-035,Hollow Tavern,Independent Restaurant,2025-11-21,Net 45,2026-01-05,52320.2,2026-01-06,1
SO-202511-00780,CUST-036,Tarleton Food Hall,Independent Restaurant,2025-11-21,Net 30,2025-12-21,14901.16,2025-12-28,7
SO-202511-00781,CUST-037,Tarleton Grill,Institutional,2025-11-28,Net 45,2026-01-12,52154.73,2026-01-20,8
SO-202511-00782,CUST-038,Old Tavern,Independent Restaurant,2025-11-19,Net 15,2025-12-04,43936.29,2025-12-16,12
SO-202511-00783,CUST-039,Hartwell Kitchen,Institutional,2025-11-01,Net 15,2025-11-16,43945.29,2025-11-27,11
SO-202511-00784,CUST-040,Marlow Hospitality Group,Restaurant Group,2025-11-29,Net 30,2025-12-29,34162.88,2026-01-08,10
SO-202511-00785,CUST-041,Quarry Dining Co,Distributor Resale,2025-11-22,Net 15,2025-12-07,32092.73,2025-12-09,2
SO-202511-00786,CUST-042,Tarleton Grill,Independent Restaurant,2025-11-28,Net 15,2025-12-13,50476.56,2025-12-07,-6
SO-202511-00787,CUST-043,Quarry Provisions,Independent Restaurant,2025-11-29,Net 30,2025-12-29,55751.73,2026-01-05,7
SO-202511-00788,CUST-044,Fairhaven Provisions,Distributor Resale,2025-11-29,Net 15,2025-12-14,48048.44,2025-12-20,6
SO-202511-00789,CUST-045,Weldon Grill,Hotel & Hospitality,2025-11-17,Net 30,2025-12-17,53931.46,2025-12-22,5
SO-202511-00790,CUST-046,Fairhaven Bistro,Institutional,2025-11-04,Net 30,2025-12-04,38942.36,2025-12-21,17
SO-202511-00791,CUST-023,Ashford Grill,Independent Restaurant,2025-11-12,Net 30,2025-12-12,19855.8,2025-12-14,2
SO-202511-00792,CUST-035,Hollow Tavern,Independent Restaurant,2025-11-21,Net 45,2026-01-05,19608.67,2026-01-05,0
SO-202511-00793,CUST-022,Ockham Provisions,Distributor Resale,2025-11-29,Net 45,2026-01-13,19542.11,2026-01-23,10
SO-202511-00794,CUST-020,Rushmoor Provisions,Independent Restaurant,2025-11-18,Net 30,2025-12-18,21146.61,2025-12-23,5
SO-202511-00795,CUST-042,Tarleton Grill,Independent Restaurant,2025-11-14,Net 15,2025-11-29,24089.09,2025-11-23,-6
SO-202511-00796,CUST-029,Pine Bistro,Hotel & Hospitality,2025-11-07,Net 45,2025-12-22,33293.56,2025-12-25,3
SO-202511-00797,CUST-036,Tarleton Food Hall,Independent Restaurant,2025-11-23,Net 30,2025-12-23,22542.57,2025-12-22,-1
SO-202512-00798,CUST-001,Copper Fork Group,Restaurant Group,2025-12-22,Net 45,2026-02-05,131646.62,2026-02-11,6
SO-202512-00799,CUST-002,Harborline Hospitality,Hotel & Hospitality,2025-12-10,Net 30,2026-01-09,118243.57,2026-01-17,8
SO-202512-00800,CUST-003,Vaughn & Sons Restaurant Co,Restaurant Group,2025-12-01,Net 45,2026-01-15,73237.75,2026-01-14,-1
SO-202512-00801,CUST-004,Meridian Public Schools,Institutional,2025-12-03,Net 60,2026-02-01,71487.27,2026-02-14,13
SO-202512-00802,CUST-005,Bright Harbor Hotels,Hotel & Hospitality,2025-12-23,Net 30,2026-01-22,55010.64,2026-01-17,-5
SO-202512-00803,CUST-006,Ridgeline Kitchens Group,Restaurant Group,2025-12-09,Net 30,2026-01-08,67204.37,2026-01-20,12
SO-202512-00804,CUST-007,Ashgrove Dining Partners,Restaurant Group,2025-12-10,Net 45,2026-01-24,58108.29,2026-01-31,7
SO-202512-00805,CUST-008,Northfield Medical Center,Institutional,2025-12-31,Net 60,2026-03-01,41850.18,2026-03-08,7
SO-202512-00806,CUST-009,Stonecrest Resale Supply,Distributor Resale,2025-12-15,Net 30,2026-01-14,49710.39,2026-01-23,9
SO-202512-00807,CUST-010,Lakeside Catering Co,Independent Restaurant,2025-12-02,Net 30,2026-01-01,48706.22,2026-01-09,8
SO-202512-00808,CUST-011,Sutton Kitchen,Institutional,2025-12-09,Net 45,2026-01-23,23470.15,2026-02-01,9
SO-202512-00809,CUST-012,Pendry Bistro,Institutional,2025-12-17,Net 45,2026-01-31,43873.65,2026-02-04,4
SO-202512-00810,CUST-013,Brackley Public House,Restaurant Group,2025-12-24,Net 15,2026-01-08,60504.91,2026-01-13,5
SO-202512-00811,CUST-014,Sutton Dining Co,Hotel & Hospitality,2025-12-11,Net 30,2026-01-10,29528.22,2026-01-22,12
SO-202512-00812,CUST-015,Pelham Dining Co,Restaurant Group,2025-12-15,Net 15,2025-12-30,47241.22,2025-12-29,-1
SO-202512-00813,CUST-016,Marbury Food Hall,Restaurant Group,2025-12-24,Net 30,2026-01-23,44489.95,2026-01-31,8
SO-202512-00814,CUST-017,Weldon Kitchen,Distributor Resale,2025-12-26,Net 30,2026-01-25,44266.16,2026-01-30,5
SO-202512-00815,CUST-018,Pine Kitchen,Independent Restaurant,2025-12-20,Net 30,2026-01-19,41167.81,2026-01-25,6
SO-202512-00816,CUST-019,Birch Provisions,Independent Restaurant,2025-12-23,Net 30,2026-01-22,65062.2,2026-01-20,-2
SO-202512-00817,CUST-020,Rushmoor Provisions,Independent Restaurant,2025-12-30,Net 30,2026-01-29,27087.76,2026-02-11,13
SO-202512-00818,CUST-021,Quarry Provisions,Independent Restaurant,2025-12-01,Net 15,2025-12-16,29746.68,2025-12-19,3
SO-202512-00819,CUST-022,Ockham Provisions,Distributor Resale,2025-12-21,Net 45,2026-02-04,17833.42,2026-02-12,8
SO-202512-00820,CUST-023,Ashford Grill,Independent Restaurant,2025-12-01,Net 30,2025-12-31,35882.92,2026-01-02,2
SO-202512-00821,CUST-024,Hollow Kitchen,Independent Restaurant,2025-12-11,Net 30,2026-01-10,16035.65,2026-01-10,0
SO-202512-00822,CUST-025,Pendry Food Hall,Restaurant Group,2025-12-06,Net 15,2025-12-21,30074.91,2025-12-30,9
SO-202512-00823,CUST-026,Old Tavern,Institutional,2025-12-15,Net 30,2026-01-14,34264.61,2026-01-30,16
SO-202512-00824,CUST-027,Wexley Dining Co,Hotel & Hospitality,2025-12-03,Net 30,2026-01-02,31873.63,2026-01-05,3
SO-202512-00825,CUST-028,Gilman Food Hall,Independent Restaurant,2025-12-18,Net 45,2026-02-01,41246.32,2026-01-31,-1
SO-202512-00826,CUST-029,Pine Bistro,Hotel & Hospitality,2025-12-04,Net 45,2026-01-18,34937.75,2026-01-27,9
SO-202512-00827,CUST-030,Norwood Food Hall,Independent Restaurant,2025-12-04,Net 15,2025-12-19,35457.55,2025-12-17,-2
SO-202512-00828,CUST-031,Sutton Eatery,Independent Restaurant,2025-12-09,Net 30,2026-01-08,32494.09,2026-01-07,-1
SO-202512-00829,CUST-032,Ashford Dining Co,Institutional,2025-12-06,Net 30,2026-01-05,54559.04,2026-01-16,11
SO-202512-00830,CUST-033,Norwood Tavern,Independent Restaurant,2025-12-10,Net 15,2025-12-25,50530.37,2025-12-28,3
SO-202512-00831,CUST-034,Ravensworth Eatery,Independent Restaurant,2025-12-26,Net 15,2026-01-10,46785.9,2026-01-23,13
SO-202512-00832,CUST-035,Hollow Tavern,Independent Restaurant,2025-12-15,Net 45,2026-01-29,47367.47,2026-02-06,8
SO-202512-00833,CUST-036,Tarleton Food Hall,Independent Restaurant,2025-12-24,Net 30,2026-01-23,22452.85,2026-01-26,3
SO-202512-00834,CUST-037,Tarleton Grill,Institutional,2025-12-26,Net 45,2026-02-09,35443.87,2026-02-23,14
SO-202512-00835,CUST-038,Old Tavern,Independent Restaurant,2025-12-31,Net 15,2026-01-15,32498.24,2026-01-23,8
SO-202512-00836,CUST-039,Hartwell Kitchen,Institutional,2025-12-14,Net 15,2025-12-29,48596.87,2026-01-05,7
SO-202512-00837,CUST-040,Marlow Hospitality Group,Restaurant Group,2025-12-09,Net 30,2026-01-08,26085.73,2026-01-20,12
SO-202512-00838,CUST-041,Quarry Dining Co,Distributor Resale,2025-12-01,Net 15,2025-12-16,26429.56,2025-12-15,-1
SO-202512-00839,CUST-042,Tarleton Grill,Independent Restaurant,2025-12-02,Net 15,2025-12-17,27924.02,2025-12-12,-5
SO-202512-00840,CUST-043,Quarry Provisions,Independent Restaurant,2025-12-12,Net 30,2026-01-11,56625.64,2026-01-16,5
SO-202512-00841,CUST-044,Fairhaven Provisions,Distributor Resale,2025-12-15,Net 15,2025-12-30,46251.98,2026-01-06,7
SO-202512-00842,CUST-045,Weldon Grill,Hotel & Hospitality,2025-12-06,Net 30,2026-01-05,46757.34,2026-01-13,8
SO-202512-00843,CUST-046,Fairhaven Bistro,Institutional,2025-12-05,Net 30,2026-01-04,33930.54,2026-01-23,19
SO-202512-00844,CUST-023,Ashford Grill,Independent Restaurant,2025-12-28,Net 30,2026-01-27,22401.78,2026-02-01,5
SO-202512-00845,CUST-035,Hollow Tavern,Independent Restaurant,2025-12-14,Net 45,2026-01-28,21753.07,2026-02-05,8
SO-202512-00846,CUST-022,Ockham Provisions,Distributor Resale,2025-12-25,Net 45,2026-02-08,19876.02,2026-02-16,8
SO-202512-00847,CUST-020,Rushmoor Provisions,Independent Restaurant,2025-12-08,Net 30,2026-01-07,24100.43,2026-01-14,7
SO-202512-00848,CUST-042,Tarleton Grill,Independent Restaurant,2025-12-20,Net 15,2026-01-04,27486.59,2026-01-06,2
SO-202512-00849,CUST-029,Pine Bistro,Hotel & Hospitality,2025-12-28,Net 45,2026-02-11,30993.31,2026-02-13,2
SO-202512-00850,CUST-036,Tarleton Food Hall,Independent Restaurant,2025-12-09,Net 30,2026-01-08,20557.05,2026-01-14,6
SO-202601-00851,CUST-001,Copper Fork Group,Restaurant Group,2026-01-05,Net 45,2026-02-19,107351.83,2026-02-19,0
SO-202601-00852,CUST-002,Harborline Hospitality,Hotel & Hospitality,2026-01-08,Net 30,2026-02-07,71672.82,2026-02-12,5
SO-202601-00853,CUST-003,Vaughn & Sons Restaurant Co,Restaurant Group,2026-01-31,Net 45,2026-03-17,57392.09,2026-03-16,-1
SO-202601-00854,CUST-004,Meridian Public Schools,Institutional,2026-01-30,Net 60,2026-03-31,74257.52,2026-04-17,17
SO-202601-00855,CUST-005,Bright Harbor Hotels,Hotel & Hospitality,2026-01-20,Net 30,2026-02-19,53984.32,2026-02-22,3
SO-202601-00856,CUST-006,Ridgeline Kitchens Group,Restaurant Group,2026-01-05,Net 30,2026-02-04,50925.93,2026-02-11,7
SO-202601-00857,CUST-007,Ashgrove Dining Partners,Restaurant Group,2026-01-24,Net 45,2026-03-10,33843.79,2026-03-11,1
SO-202601-00858,CUST-008,Northfield Medical Center,Institutional,2026-01-05,Net 60,2026-03-06,43002.66,2026-03-12,6
SO-202601-00859,CUST-009,Stonecrest Resale Supply,Distributor Resale,2026-01-31,Net 30,2026-03-02,34545.23,2026-03-13,11
SO-202601-00860,CUST-010,Lakeside Catering Co,Independent Restaurant,2026-01-28,Net 30,2026-02-27,25940.08,2026-03-07,8
SO-202601-00861,CUST-011,Sutton Kitchen,Institutional,2026-01-02,Net 45,2026-02-16,15218.14,2026-02-26,10
SO-202601-00862,CUST-012,Pendry Bistro,Institutional,2026-01-22,Net 45,2026-03-08,30902.96,2026-03-14,6
SO-202601-00863,CUST-013,Brackley Public House,Restaurant Group,2026-01-21,Net 15,2026-02-05,39757.49,2026-02-09,4
SO-202601-00864,CUST-014,Sutton Dining Co,Hotel & Hospitality,2026-01-26,Net 30,2026-02-25,13482.67,2026-02-28,3
SO-202601-00865,CUST-015,Pelham Dining Co,Restaurant Group,2026-01-11,Net 15,2026-01-26,33662.14,2026-01-25,-1
SO-202601-00866,CUST-016,Marbury Food Hall,Restaurant Group,2026-01-15,Net 30,2026-02-14,27525.66,2026-02-24,10
SO-202601-00867,CUST-017,Weldon Kitchen,Distributor Resale,2026-01-04,Net 30,2026-02-03,37042.05,2026-02-01,-2
SO-202601-00868,CUST-018,Pine Kitchen,Independent Restaurant,2026-01-05,Net 30,2026-02-04,48423.97,2026-02-13,9
SO-202601-00869,CUST-019,Birch Provisions,Independent Restaurant,2026-01-15,Net 30,2026-02-14,36937.72,2026-02-17,3
SO-202601-00870,CUST-020,Rushmoor Provisions,Independent Restaurant,2026-01-23,Net 30,2026-02-22,20771.43,2026-02-27,5
SO-202601-00871,CUST-021,Quarry Provisions,Independent Restaurant,2026-01-11,Net 15,2026-01-26,29199.18,2026-01-31,5
SO-202601-00872,CUST-022,Ockham Provisions,Distributor Resale,2026-01-04,Net 45,2026-02-18,13736.01,2026-03-01,11
SO-202601-00873,CUST-023,Ashford Grill,Independent Restaurant,2026-01-04,Net 30,2026-02-03,31207.31,2026-02-08,5
SO-202601-00874,CUST-024,Hollow Kitchen,Independent Restaurant,2026-01-17,Net 30,2026-02-16,20340.93,2026-02-21,5
SO-202601-00875,CUST-025,Pendry Food Hall,Restaurant Group,2026-01-15,Net 15,2026-01-30,22592.12,2026-02-01,2
SO-202601-00876,CUST-026,Old Tavern,Institutional,2026-01-26,Net 30,2026-02-25,30050.8,2026-03-13,16
SO-202601-00877,CUST-027,Wexley Dining Co,Hotel & Hospitality,2026-01-09,Net 30,2026-02-08,42456.1,2026-02-09,1
SO-202601-00878,CUST-028,Gilman Food Hall,Independent Restaurant,2026-01-07,Net 45,2026-02-21,40687.92,2026-02-23,2
SO-202601-00879,CUST-029,Pine Bistro,Hotel & Hospitality,2026-01-31,Net 45,2026-03-17,24902.88,2026-03-25,8
SO-202601-00880,CUST-030,Norwood Food Hall,Independent Restaurant,2026-01-22,Net 15,2026-02-06,24675.4,2026-02-06,0
SO-202601-00881,CUST-031,Sutton Eatery,Independent Restaurant,2026-01-28,Net 30,2026-02-27,17837.1,2026-03-04,5
SO-202601-00882,CUST-032,Ashford Dining Co,Institutional,2026-01-24,Net 30,2026-02-23,29758.47,2026-03-04,9
SO-202601-00883,CUST-033,Norwood Tavern,Independent Restaurant,2026-01-10,Net 15,2026-01-25,27245.73,2026-01-31,6
SO-202601-00884,CUST-034,Ravensworth Eatery,Independent Restaurant,2026-01-31,Net 15,2026-02-15,30488.65,2026-02-27,12
SO-202601-00885,CUST-035,Hollow Tavern,Independent Restaurant,2026-01-07,Net 45,2026-02-21,29312.27,2026-03-01,8
SO-202601-00886,CUST-036,Tarleton Food Hall,Independent Restaurant,2026-01-21,Net 30,2026-02-20,15764.62,2026-02-28,8
SO-202601-00887,CUST-037,Tarleton Grill,Institutional,2026-01-05,Net 45,2026-02-19,28555.33,2026-03-02,11
SO-202601-00888,CUST-038,Old Tavern,Independent Restaurant,2026-01-08,Net 15,2026-01-23,17917.48,2026-02-04,12
SO-202601-00889,CUST-039,Hartwell Kitchen,Institutional,2026-01-14,Net 15,2026-01-29,33301.09,2026-02-12,14
SO-202601-00890,CUST-040,Marlow Hospitality Group,Restaurant Group,2026-01-07,Net 30,2026-02-06,24464.74,2026-02-12,6
SO-202601-00891,CUST-041,Quarry Dining Co,Distributor Resale,2026-01-08,Net 15,2026-01-23,31518.02,2026-01-26,3
SO-202601-00892,CUST-042,Tarleton Grill,Independent Restaurant,2026-01-05,Net 15,2026-01-20,23980.36,2026-01-15,-5
SO-202601-00893,CUST-043,Quarry Provisions,Independent Restaurant,2026-01-13,Net 30,2026-02-12,33739.32,2026-02-18,6
SO-202601-00894,CUST-044,Fairhaven Provisions,Distributor Resale,2026-01-15,Net 15,2026-01-30,22321.06,2026-02-02,3
SO-202601-00895,CUST-045,Weldon Grill,Hotel & Hospitality,2026-01-12,Net 30,2026-02-11,30612.81,2026-02-21,10
SO-202601-00896,CUST-046,Fairhaven Bistro,Institutional,2026-01-09,Net 30,2026-02-08,20453.7,2026-02-25,17
SO-202601-00897,CUST-023,Ashford Grill,Independent Restaurant,2026-01-30,Net 30,2026-03-01,24750.95,2026-03-05,4
SO-202601-00898,CUST-035,Hollow Tavern,Independent Restaurant,2026-01-02,Net 45,2026-02-16,21393.59,2026-02-25,9
SO-202601-00899,CUST-022,Ockham Provisions,Distributor Resale,2026-01-06,Net 45,2026-02-20,18983.11,2026-02-27,7
SO-202601-00900,CUST-020,Rushmoor Provisions,Independent Restaurant,2026-01-14,Net 30,2026-02-13,25220.54,2026-02-22,9
SO-202601-00901,CUST-042,Tarleton Grill,Independent Restaurant,2026-01-01,Net 15,2026-01-16,23067.09,2026-01-16,0
SO-202601-00902,CUST-029,Pine Bistro,Hotel & Hospitality,2026-01-29,Net 45,2026-03-15,23409.07,2026-03-16,1
SO-202601-00903,CUST-036,Tarleton Food Hall,Independent Restaurant,2026-01-19,Net 30,2026-02-18,25754.82,2026-02-23,5
SO-202602-00904,CUST-001,Copper Fork Group,Restaurant Group,2026-02-25,Net 45,2026-04-11,86919.63,2026-04-11,0
SO-202602-00905,CUST-002,Harborline Hospitality,Hotel & Hospitality,2026-02-11,Net 30,2026-03-13,78279.42,2026-03-22,9
SO-202602-00906,CUST-003,Vaughn & Sons Restaurant Co,Restaurant Group,2026-02-01,Net 45,2026-03-18,77530.67,2026-03-20,2
SO-202602-00907,CUST-004,Meridian Public Schools,Institutional,2026-02-15,Net 60,2026-04-16,61011.15,2026-04-30,14
SO-202602-00908,CUST-005,Bright Harbor Hotels,Hotel & Hospitality,2026-02-11,Net 30,2026-03-13,61836.25,2026-03-11,-2
SO-202602-00909,CUST-006,Ridgeline Kitchens Group,Restaurant Group,2026-02-13,Net 30,2026-03-15,48142.01,2026-03-18,3
SO-202602-00910,CUST-007,Ashgrove Dining Partners,Restaurant Group,2026-02-03,Net 45,2026-03-20,57221.62,2026-03-27,7
SO-202602-00911,CUST-008,Northfield Medical Center,Institutional,2026-02-05,Net 60,2026-04-06,34078.57,2026-04-09,3
SO-202602-00912,CUST-009,Stonecrest Resale Supply,Distributor Resale,2026-02-21,Net 30,2026-03-23,28712.12,2026-04-03,11
SO-202602-00913,CUST-010,Lakeside Catering Co,Independent Restaurant,2026-02-14,Net 30,2026-03-16,31059.92,2026-03-20,4
SO-202602-00914,CUST-011,Sutton Kitchen,Institutional,2026-02-12,Net 45,2026-03-29,14491.25,2026-04-13,15
SO-202602-00915,CUST-012,Pendry Bistro,Institutional,2026-02-19,Net 45,2026-04-05,27188.14,2026-04-12,7
SO-202602-00916,CUST-013,Brackley Public House,Restaurant Group,2026-02-01,Net 15,2026-02-16,35000.77,2026-02-23,7
SO-202602-00917,CUST-014,Sutton Dining Co,Hotel & Hospitality,2026-02-09,Net 30,2026-03-11,9615.89,2026-03-20,9
SO-202602-00918,CUST-015,Pelham Dining Co,Restaurant Group,2026-02-14,Net 15,2026-03-01,39222.11,2026-03-03,2
SO-202602-00919,CUST-016,Marbury Food Hall,Restaurant Group,2026-02-23,Net 30,2026-03-25,35026.91,2026-03-31,6
SO-202602-00920,CUST-017,Weldon Kitchen,Distributor Resale,2026-02-11,Net 30,2026-03-13,25133.69,2026-03-18,5
SO-202602-00921,CUST-018,Pine Kitchen,Independent Restaurant,2026-02-08,Net 30,2026-03-10,43966.49,2026-03-15,5
SO-202602-00922,CUST-019,Birch Provisions,Independent Restaurant,2026-02-10,Net 30,2026-03-12,37288.97,2026-03-14,2
SO-202602-00923,CUST-020,Rushmoor Provisions,Independent Restaurant,2026-02-03,Net 30,2026-03-05,26483.11,2026-03-19,14
SO-202602-00924,CUST-021,Quarry Provisions,Independent Restaurant,2026-02-14,Net 15,2026-03-01,20321.36,2026-03-08,7
SO-202602-00925,CUST-022,Ockham Provisions,Distributor Resale,2026-02-11,Net 45,2026-03-28,25330.55,2026-04-04,7
SO-202602-00926,CUST-023,Ashford Grill,Independent Restaurant,2026-02-15,Net 30,2026-03-17,34562.87,2026-03-16,-1
SO-202602-00927,CUST-024,Hollow Kitchen,Independent Restaurant,2026-02-25,Net 30,2026-03-27,20650.66,2026-03-27,0
SO-202602-00928,CUST-025,Pendry Food Hall,Restaurant Group,2026-02-27,Net 15,2026-03-14,30295.43,2026-03-17,3
SO-202602-00929,CUST-026,Old Tavern,Institutional,2026-02-20,Net 30,2026-03-22,30463.08,2026-03-31,9
SO-202602-00930,CUST-027,Wexley Dining Co,Hotel & Hospitality,2026-02-16,Net 30,2026-03-18,39098.59,2026-03-19,1
SO-202602-00931,CUST-028,Gilman Food Hall,Independent Restaurant,2026-02-22,Net 45,2026-04-08,29734.23,2026-04-13,5
SO-202602-00932,CUST-029,Pine Bistro,Hotel & Hospitality,2026-02-28,Net 45,2026-04-14,26736.06,2026-04-23,9
SO-202602-00933,CUST-030,Norwood Food Hall,Independent Restaurant,2026-02-01,Net 15,2026-02-16,34955.6,2026-02-19,3
SO-202602-00934,CUST-031,Sutton Eatery,Independent Restaurant,2026-02-11,Net 30,2026-03-13,19142.23,2026-03-14,1
SO-202602-00935,CUST-032,Ashford Dining Co,Institutional,2026-02-10,Net 30,2026-03-12,39021.86,2026-03-28,16
SO-202602-00936,CUST-033,Norwood Tavern,Independent Restaurant,2026-02-21,Net 15,2026-03-08,35874.92,2026-03-12,4
SO-202602-00937,CUST-034,Ravensworth Eatery,Independent Restaurant,2026-02-22,Net 15,2026-03-09,38099.97,2026-03-20,11
SO-202602-00938,CUST-035,Hollow Tavern,Independent Restaurant,2026-02-16,Net 45,2026-04-02,49119.25,2026-04-07,5
SO-202602-00939,CUST-036,Tarleton Food Hall,Independent Restaurant,2026-02-08,Net 30,2026-03-10,11599.14,2026-03-09,-1
SO-202602-00940,CUST-037,Tarleton Grill,Institutional,2026-02-20,Net 45,2026-04-06,33760.28,2026-04-17,11
SO-202602-00941,CUST-038,Old Tavern,Independent Restaurant,2026-02-23,Net 15,2026-03-10,20985.78,2026-03-18,8
SO-202602-00942,CUST-039,Hartwell Kitchen,Institutional,2026-02-22,Net 15,2026-03-09,25996.97,2026-03-15,6
SO-202602-00943,CUST-040,Marlow Hospitality Group,Restaurant Group,2026-02-27,Net 30,2026-03-29,26832.0,2026-04-03,5
SO-202602-00944,CUST-041,Quarry Dining Co,Distributor Resale,2026-02-27,Net 15,2026-03-14,24035.08,2026-03-12,-2
SO-202602-00945,CUST-042,Tarleton Grill,Independent Restaurant,2026-02-06,Net 15,2026-02-21,24094.33,2026-02-24,3
SO-202602-00946,CUST-043,Quarry Provisions,Independent Restaurant,2026-02-09,Net 30,2026-03-11,43126.79,2026-03-18,7
SO-202602-00947,CUST-044,Fairhaven Provisions,Distributor Resale,2026-02-04,Net 15,2026-02-19,30692.47,2026-02-25,6
SO-202602-00948,CUST-045,Weldon Grill,Hotel & Hospitality,2026-02-09,Net 30,2026-03-11,32071.61,2026-03-13,2
SO-202602-00949,CUST-046,Fairhaven Bistro,Institutional,2026-02-28,Net 30,2026-03-30,36230.12,2026-04-15,16
SO-202602-00950,CUST-035,Hollow Tavern,Independent Restaurant,2026-02-15,Net 45,2026-04-01,28557.38,2026-04-05,4
SO-202602-00951,CUST-022,Ockham Provisions,Distributor Resale,2026-02-27,Net 45,2026-04-13,30267.52,2026-04-23,10
SO-202602-00952,CUST-020,Rushmoor Provisions,Independent Restaurant,2026-02-01,Net 30,2026-03-03,22990.75,2026-03-08,5
SO-202602-00953,CUST-042,Tarleton Grill,Independent Restaurant,2026-02-20,Net 15,2026-03-07,25479.25,2026-03-09,2
SO-202602-00954,CUST-029,Pine Bistro,Hotel & Hospitality,2026-02-20,Net 45,2026-04-06,26883.33,2026-04-12,6
SO-202602-00955,CUST-036,Tarleton Food Hall,Independent Restaurant,2026-02-19,Net 30,2026-03-21,21251.84,2026-03-27,6
SO-202603-00956,CUST-001,Copper Fork Group,Restaurant Group,2026-03-27,Net 45,2026-05-11,113845.55,2026-05-15,4
SO-202603-00957,CUST-002,Harborline Hospitality,Hotel & Hospitality,2026-03-06,Net 30,2026-04-05,63808.34,2026-04-07,2
SO-202603-00958,CUST-003,Vaughn & Sons Restaurant Co,Restaurant Group,2026-03-22,Net 45,2026-05-06,60334.41,2026-05-13,7
SO-202603-00959,CUST-004,Meridian Public Schools,Institutional,2026-03-22,Net 60,2026-05-21,76178.0,2026-06-01,11
SO-202603-00960,CUST-005,Bright Harbor Hotels,Hotel & Hospitality,2026-03-02,Net 30,2026-04-01,50497.52,2026-03-27,-5
SO-202603-00961,CUST-006,Ridgeline Kitchens Group,Restaurant Group,2026-03-11,Net 30,2026-04-10,52628.06,2026-04-23,13
SO-202603-00962,CUST-007,Ashgrove Dining Partners,Restaurant Group,2026-03-30,Net 45,2026-05-14,46270.17,2026-05-17,3
SO-202603-00963,CUST-008,Northfield Medical Center,Institutional,2026-03-10,Net 60,2026-05-09,32815.72,2026-05-14,5
SO-202603-00964,CUST-009,Stonecrest Resale Supply,Distributor Resale,2026-03-31,Net 30,2026-04-30,48020.64,2026-05-08,8
SO-202603-00965,CUST-010,Lakeside Catering Co,Independent Restaurant,2026-03-28,Net 30,2026-04-27,45246.37,2026-05-05,8
SO-202603-00966,CUST-011,Sutton Kitchen,Institutional,2026-03-04,Net 45,2026-04-18,27344.27,2026-05-02,14
SO-202603-00967,CUST-012,Pendry Bistro,Institutional,2026-03-22,Net 45,2026-05-06,29108.6,2026-05-11,5
SO-202603-00968,CUST-013,Brackley Public House,Restaurant Group,2026-03-23,Net 15,2026-04-07,43182.5,2026-04-10,3
SO-202603-00969,CUST-014,Sutton Dining Co,Hotel & Hospitality,2026-03-14,Net 30,2026-04-13,19101.03,2026-04-20,7
SO-202603-00970,CUST-015,Pelham Dining Co,Restaurant Group,2026-03-02,Net 15,2026-03-17,45385.51,2026-03-15,-2
SO-202603-00971,CUST-016,Marbury Food Hall,Restaurant Group,2026-03-09,Net 30,2026-04-08,34901.8,2026-04-14,6
SO-202603-00972,CUST-017,Weldon Kitchen,Distributor Resale,2026-03-10,Net 30,2026-04-09,33790.44,2026-04-13,4
SO-202603-00973,CUST-018,Pine Kitchen,Independent Restaurant,2026-03-05,Net 30,2026-04-04,45853.19,2026-04-15,11
SO-202603-00974,CUST-019,Birch Provisions,Independent Restaurant,2026-03-03,Net 30,2026-04-02,45761.9,2026-03-31,-2
SO-202603-00975,CUST-020,Rushmoor Provisions,Independent Restaurant,2026-03-06,Net 30,2026-04-05,37024.89,2026-04-10,5
SO-202603-00976,CUST-021,Quarry Provisions,Independent Restaurant,2026-03-28,Net 15,2026-04-12,30087.67,2026-04-16,4
SO-202603-00977,CUST-022,Ockham Provisions,Distributor Resale,2026-03-28,Net 45,2026-05-12,15525.31,2026-05-16,4
SO-202603-00978,CUST-023,Ashford Grill,Independent Restaurant,2026-03-03,Net 30,2026-04-02,24932.44,2026-04-08,6
SO-202603-00979,CUST-024,Hollow Kitchen,Independent Restaurant,2026-03-25,Net 30,2026-04-24,38198.71,2026-04-21,-3
SO-202603-00980,CUST-025,Pendry Food Hall,Restaurant Group,2026-03-28,Net 15,2026-04-12,31355.63,2026-04-18,6
SO-202603-00981,CUST-026,Old Tavern,Institutional,2026-03-30,Net 30,2026-04-29,25838.97,2026-05-07,8
SO-202603-00982,CUST-027,Wexley Dining Co,Hotel & Hospitality,2026-03-15,Net 30,2026-04-14,29976.52,2026-04-14,0
SO-202603-00983,CUST-028,Gilman Food Hall,Independent Restaurant,2026-03-23,Net 45,2026-05-07,56548.12,2026-05-08,1
SO-202603-00984,CUST-029,Pine Bistro,Hotel & Hospitality,2026-03-09,Net 45,2026-04-23,23708.88,2026-04-29,6
SO-202603-00985,CUST-030,Norwood Food Hall,Independent Restaurant,2026-03-06,Net 15,2026-03-21,40714.47,2026-03-27,6
SO-202603-00986,CUST-031,Sutton Eatery,Independent Restaurant,2026-03-04,Net 30,2026-04-03,25226.14,2026-04-03,0
SO-202603-00987,CUST-032,Ashford Dining Co,Institutional,2026-03-25,Net 30,2026-04-24,36706.12,2026-05-10,16
SO-202603-00988,CUST-033,Norwood Tavern,Independent Restaurant,2026-03-13,Net 15,2026-03-28,39627.36,2026-04-09,12
SO-202603-00989,CUST-034,Ravensworth Eatery,Independent Restaurant,2026-03-30,Net 15,2026-04-14,52195.25,2026-04-21,7
SO-202603-00990,CUST-035,Hollow Tavern,Independent Restaurant,2026-03-05,Net 45,2026-04-19,40884.6,2026-04-20,1
SO-202603-00991,CUST-036,Tarleton Food Hall,Independent Restaurant,2026-03-13,Net 30,2026-04-12,18751.08,2026-04-12,0
SO-202603-00992,CUST-037,Tarleton Grill,Institutional,2026-03-29,Net 45,2026-05-13,41165.18,2026-05-27,14
SO-202603-00993,CUST-038,Old Tavern,Independent Restaurant,2026-03-02,Net 15,2026-03-17,28400.98,2026-03-31,14
SO-202603-00994,CUST-039,Hartwell Kitchen,Institutional,2026-03-06,Net 15,2026-03-21,35166.56,2026-04-04,14
SO-202603-00995,CUST-040,Marlow Hospitality Group,Restaurant Group,2026-03-13,Net 30,2026-04-12,23528.51,2026-04-20,8
SO-202603-00996,CUST-041,Quarry Dining Co,Distributor Resale,2026-03-21,Net 15,2026-04-05,31894.91,2026-04-03,-2
SO-202603-00997,CUST-042,Tarleton Grill,Independent Restaurant,2026-03-14,Net 15,2026-03-29,26452.96,2026-03-26,-3
SO-202603-00998,CUST-043,Quarry Provisions,Independent Restaurant,2026-03-16,Net 30,2026-04-15,44875.47,2026-04-21,6
SO-202603-00999,CUST-044,Fairhaven Provisions,Distributor Resale,2026-03-24,Net 15,2026-04-08,42445.24,2026-04-19,11
SO-202603-01000,CUST-045,Weldon Grill,Hotel & Hospitality,2026-03-24,Net 30,2026-04-23,28394.69,2026-04-30,7
SO-202603-01001,CUST-046,Fairhaven Bistro,Institutional,2026-03-09,Net 30,2026-04-08,26437.33,2026-04-21,13
SO-202603-01002,CUST-022,Ockham Provisions,Distributor Resale,2026-03-16,Net 45,2026-04-30,20668.43,2026-05-10,10
SO-202603-01003,CUST-020,Rushmoor Provisions,Independent Restaurant,2026-03-17,Net 30,2026-04-16,26521.01,2026-04-26,10
SO-202603-01004,CUST-042,Tarleton Grill,Independent Restaurant,2026-03-12,Net 15,2026-03-27,29754.23,2026-03-23,-4
SO-202603-01005,CUST-029,Pine Bistro,Hotel & Hospitality,2026-03-08,Net 45,2026-04-22,31905.27,2026-04-28,6
SO-202603-01006,CUST-036,Tarleton Food Hall,Independent Restaurant,2026-03-17,Net 30,2026-04-16,21921.4,2026-04-16,0
SO-202603-01007,CUST-003,Vaughn & Sons Restaurant Co,Restaurant Group,2026-03-10,Net 45,2026-04-24,238601.32,2026-05-02,8
SO-202603-01008,CUST-003,Vaughn & Sons Restaurant Co,Restaurant Group,2026-03-21,Net 45,2026-05-05,235793.75,2026-05-04,-1
SO-202604-01009,CUST-001,Copper Fork Group,Restaurant Group,2026-04-11,Net 45,2026-05-26,109319.43,2026-05-30,4
SO-202604-01010,CUST-002,Harborline Hospitality,Hotel & Hospitality,2026-04-17,Net 30,2026-05-17,87898.65,2026-05-19,2
SO-202604-01011,CUST-003,Vaughn & Sons Restaurant Co,Restaurant Group,2026-04-10,Net 45,2026-05-25,64343.96,2026-05-25,0
SO-202604-01012,CUST-004,Meridian Public Schools,Institutional,2026-04-26,Net 60,2026-06-25,77566.19,2026-07-15,20
SO-202604-01013,CUST-005,Bright Harbor Hotels,Hotel & Hospitality,2026-04-15,Net 30,2026-05-15,55561.59,2026-05-15,0
SO-202604-01014,CUST-006,Ridgeline Kitchens Group,Restaurant Group,2026-04-01,Net 30,2026-05-01,53412.99,2026-05-19,18
SO-202604-01015,CUST-007,Ashgrove Dining Partners,Restaurant Group,2026-04-27,Net 45,2026-06-11,70794.42,2026-06-14,3
SO-202604-01016,CUST-008,Northfield Medical Center,Institutional,2026-04-12,Net 60,2026-06-11,39779.05,2026-06-17,6
SO-202604-01017,CUST-009,Stonecrest Resale Supply,Distributor Resale,2026-04-09,Net 30,2026-05-09,48070.09,2026-05-21,12
SO-202604-01018,CUST-010,Lakeside Catering Co,Independent Restaurant,2026-04-14,Net 30,2026-05-14,47908.46,2026-05-17,3
SO-202604-01019,CUST-011,Sutton Kitchen,Institutional,2026-04-09,Net 45,2026-05-24,28678.43,2026-05-31,7
SO-202604-01020,CUST-012,Pendry Bistro,Institutional,2026-04-05,Net 45,2026-05-20,25948.01,2026-05-27,7
SO-202604-01021,CUST-013,Brackley Public House,Restaurant Group,2026-04-17,Net 15,2026-05-02,65961.29,2026-05-08,6
SO-202604-01022,CUST-014,Sutton Dining Co,Hotel & Hospitality,2026-04-30,Net 30,2026-05-30,15235.54,2026-06-05,6
SO-202604-01023,CUST-015,Pelham Dining Co,Restaurant Group,2026-04-19,Net 15,2026-05-04,40671.35,2026-05-04,0
SO-202604-01024,CUST-016,Marbury Food Hall,Restaurant Group,2026-04-15,Net 30,2026-05-15,40228.6,2026-05-21,6
SO-202604-01025,CUST-017,Weldon Kitchen,Distributor Resale,2026-04-23,Net 30,2026-05-23,44174.76,2026-05-29,6
SO-202604-01026,CUST-018,Pine Kitchen,Independent Restaurant,2026-04-09,Net 30,2026-05-09,47372.68,2026-05-16,7
SO-202604-01027,CUST-019,Birch Provisions,Independent Restaurant,2026-04-03,Net 30,2026-05-03,42384.78,2026-05-06,3
SO-202604-01028,CUST-020,Rushmoor Provisions,Independent Restaurant,2026-04-22,Net 30,2026-05-22,20362.3,2026-06-03,12
SO-202604-01029,CUST-021,Quarry Provisions,Independent Restaurant,2026-04-29,Net 15,2026-05-14,32911.95,2026-05-15,1
SO-202604-01030,CUST-022,Ockham Provisions,Distributor Resale,2026-04-19,Net 45,2026-06-03,17093.13,2026-06-08,5
SO-202604-01031,CUST-023,Ashford Grill,Independent Restaurant,2026-04-25,Net 30,2026-05-25,35589.37,2026-05-24,-1
SO-202604-01032,CUST-024,Hollow Kitchen,Independent Restaurant,2026-04-14,Net 30,2026-05-14,17762.95,2026-05-10,-4
SO-202604-01033,CUST-025,Pendry Food Hall,Restaurant Group,2026-04-04,Net 15,2026-04-19,34237.5,2026-04-26,7
SO-202604-01034,CUST-026,Old Tavern,Institutional,2026-04-29,Net 30,2026-05-29,32780.33,2026-06-06,8
SO-202604-01035,CUST-027,Wexley Dining Co,Hotel & Hospitality,2026-04-29,Net 30,2026-05-29,53929.72,2026-05-27,-2
SO-202604-01036,CUST-028,Gilman Food Hall,Independent Restaurant,2026-04-17,Net 45,2026-06-01,32846.38,2026-06-03,2
SO-202604-01037,CUST-029,Pine Bistro,Hotel & Hospitality,2026-04-27,Net 45,2026-06-11,32401.5,2026-06-19,8
SO-202604-01038,CUST-030,Norwood Food Hall,Independent Restaurant,2026-04-14,Net 15,2026-04-29,38808.66,2026-05-06,7
SO-202604-01039,CUST-031,Sutton Eatery,Independent Restaurant,2026-04-04,Net 30,2026-05-04,26158.95,2026-05-03,-1
SO-202604-01040,CUST-032,Ashford Dining Co,Institutional,2026-04-12,Net 30,2026-05-12,49163.5,2026-05-24,12
SO-202604-01041,CUST-033,Norwood Tavern,Independent Restaurant,2026-04-20,Net 15,2026-05-05,41623.33,2026-05-12,7
SO-202604-01042,CUST-034,Ravensworth Eatery,Independent Restaurant,2026-04-29,Net 15,2026-05-14,46129.43,2026-05-26,12
SO-202604-01043,CUST-035,Hollow Tavern,Independent Restaurant,2026-04-30,Net 45,2026-06-14,36448.15,2026-06-15,1
SO-202604-01044,CUST-036,Tarleton Food Hall,Independent Restaurant,2026-04-17,Net 30,2026-05-17,13707.41,2026-05-20,3
SO-202604-01045,CUST-037,Tarleton Grill,Institutional,2026-04-26,Net 45,2026-06-10,35267.78,2026-06-18,8
SO-202604-01046,CUST-038,Old Tavern,Independent Restaurant,2026-04-18,Net 15,2026-05-03,30166.12,2026-05-11,8
SO-202604-01047,CUST-039,Hartwell Kitchen,Institutional,2026-04-27,Net 15,2026-05-12,54447.3,2026-05-20,8
SO-202604-01048,CUST-040,Marlow Hospitality Group,Restaurant Group,2026-04-05,Net 30,2026-05-05,25692.75,2026-05-09,4
SO-202604-01049,CUST-041,Quarry Dining Co,Distributor Resale,2026-04-27,Net 15,2026-05-12,34647.88,2026-05-10,-2
SO-202604-01050,CUST-042,Tarleton Grill,Independent Restaurant,2026-04-19,Net 15,2026-05-04,25076.7,2026-05-05,1
SO-202604-01051,CUST-043,Quarry Provisions,Independent Restaurant,2026-04-08,Net 30,2026-05-08,42644.16,2026-05-15,7
SO-202604-01052,CUST-044,Fairhaven Provisions,Distributor Resale,2026-04-09,Net 15,2026-04-24,35304.3,2026-04-26,2
SO-202604-01053,CUST-045,Weldon Grill,Hotel & Hospitality,2026-04-28,Net 30,2026-05-28,32824.22,2026-06-07,10
SO-202604-01054,CUST-046,Fairhaven Bistro,Institutional,2026-04-09,Net 30,2026-05-09,32688.19,2026-05-20,11
SO-202604-01055,CUST-020,Rushmoor Provisions,Independent Restaurant,2026-04-14,Net 30,2026-05-14,29204.67,2026-05-23,9
SO-202604-01056,CUST-042,Tarleton Grill,Independent Restaurant,2026-04-17,Net 15,2026-05-02,35421.36,2026-04-27,-5
SO-202604-01057,CUST-029,Pine Bistro,Hotel & Hospitality,2026-04-27,Net 45,2026-06-11,24498.52,2026-06-17,6
SO-202604-01058,CUST-036,Tarleton Food Hall,Independent Restaurant,2026-04-16,Net 30,2026-05-16,27487.6,2026-05-18,2
SO-202605-01059,CUST-001,Copper Fork Group,Restaurant Group,2026-05-25,Net 45,2026-07-09,105621.85,2026-07-15,6
SO-202605-01060,CUST-002,Harborline Hospitality,Hotel & Hospitality,2026-05-17,Net 30,2026-06-16,186868.75,2026-06-21,5
SO-202605-01061,CUST-003,Vaughn & Sons Restaurant Co,Restaurant Group,2026-05-15,Net 45,2026-06-29,71514.67,2026-06-30,1
SO-202605-01062,CUST-004,Meridian Public Schools,Institutional,2026-05-18,Net 60,2026-07-17,93433.64,2026-07-28,11
SO-202605-01063,CUST-005,Bright Harbor Hotels,Hotel & Hospitality,2026-05-21,Net 30,2026-06-20,54693.04,2026-06-15,-5
SO-202605-01064,CUST-006,Ridgeline Kitchens Group,Restaurant Group,2026-05-07,Net 30,2026-06-06,228927.04,2026-07-08,32
SO-202605-01065,CUST-007,Ashgrove Dining Partners,Restaurant Group,2026-05-26,Net 45,2026-07-10,124248.6,2026-07-09,-1
SO-202605-01066,CUST-008,Northfield Medical Center,Institutional,2026-05-26,Net 60,2026-07-25,42782.67,2026-07-29,4
SO-202605-01067,CUST-009,Stonecrest Resale Supply,Distributor Resale,2026-05-11,Net 30,2026-06-10,40395.67,2026-06-20,10
SO-202605-01068,CUST-010,Lakeside Catering Co,Independent Restaurant,2026-05-18,Net 30,2026-06-17,50600.51,2026-06-19,2
SO-202605-01069,CUST-011,Sutton Kitchen,Institutional,2026-05-16,Net 45,2026-06-30,27320.37,2026-07-14,14
SO-202605-01070,CUST-012,Pendry Bistro,Institutional,2026-05-27,Net 45,2026-07-11,31079.48,2026-07-18,7
SO-202605-01071,CUST-013,Brackley Public House,Restaurant Group,2026-05-05,Net 15,2026-05-20,54089.92,2026-05-28,8
SO-202605-01072,CUST-014,Sutton Dining Co,Hotel & Hospitality,2026-05-12,Net 30,2026-06-11,21409.33,2026-06-17,6
SO-202605-01073,CUST-015,Pelham Dining Co,Restaurant Group,2026-05-23,Net 15,2026-06-07,46415.73,2026-06-04,-3
SO-202605-01074,CUST-016,Marbury Food Hall,Restaurant Group,2026-05-17,Net 30,2026-06-16,41868.26,2026-06-23,7
SO-202605-01075,CUST-017,Weldon Kitchen,Distributor Resale,2026-05-11,Net 30,2026-06-10,46408.61,2026-06-15,5
SO-202605-01076,CUST-018,Pine Kitchen,Independent Restaurant,2026-05-24,Net 30,2026-06-23,53419.46,2026-07-02,9
SO-202605-01077,CUST-019,Birch Provisions,Independent Restaurant,2026-05-21,Net 30,2026-06-20,51082.68,2026-06-22,2
SO-202605-01078,CUST-020,Rushmoor Provisions,Independent Restaurant,2026-05-04,Net 30,2026-06-03,30887.13,2026-06-10,7
SO-202605-01079,CUST-021,Quarry Provisions,Independent Restaurant,2026-05-28,Net 15,2026-06-12,27885.94,2026-06-13,1
SO-202605-01080,CUST-022,Ockham Provisions,Distributor Resale,2026-05-08,Net 45,2026-06-22,22647.77,2026-06-29,7
SO-202605-01081,CUST-023,Ashford Grill,Independent Restaurant,2026-05-20,Net 30,2026-06-19,35550.18,2026-06-24,5
SO-202605-01082,CUST-024,Hollow Kitchen,Independent Restaurant,2026-05-23,Net 30,2026-06-22,23623.75,2026-06-26,4
SO-202605-01083,CUST-025,Pendry Food Hall,Restaurant Group,2026-05-23,Net 15,2026-06-07,32323.55,2026-06-09,2
SO-202605-01084,CUST-026,Old Tavern,Institutional,2026-05-26,Net 30,2026-06-25,37825.04,2026-07-04,9
SO-202605-01085,CUST-027,Wexley Dining Co,Hotel & Hospitality,2026-05-09,Net 30,2026-06-08,51192.58,2026-06-13,5
SO-202605-01086,CUST-028,Gilman Food Hall,Independent Restaurant,2026-05-01,Net 45,2026-06-15,37503.25,2026-06-17,2
SO-202605-01087,CUST-029,Pine Bistro,Hotel & Hospitality,2026-05-19,Net 45,2026-07-03,36765.56,2026-07-04,1
SO-202605-01088,CUST-030,Norwood Food Hall,Independent Restaurant,2026-05-01,Net 15,2026-05-16,33672.09,2026-05-17,1
SO-202605-01089,CUST-031,Sutton Eatery,Independent Restaurant,2026-05-03,Net 30,2026-06-02,26580.49,2026-06-04,2
SO-202605-01090,CUST-032,Ashford Dining Co,Institutional,2026-05-12,Net 30,2026-06-11,50390.73,2026-06-22,11
SO-202605-01091,CUST-033,Norwood Tavern,Independent Restaurant,2026-05-04,Net 15,2026-05-19,38543.33,2026-05-25,6
SO-202605-01092,CUST-034,Ravensworth Eatery,Independent Restaurant,2026-05-03,Net 15,2026-05-18,53430.08,2026-06-01,14
SO-202605-01093,CUST-035,Hollow Tavern,Independent Restaurant,2026-05-24,Net 45,2026-07-08,48647.37,2026-07-12,4
SO-202605-01094,CUST-036,Tarleton Food Hall,Independent Restaurant,2026-05-05,Net 30,2026-06-04,16186.02,2026-06-10,6
SO-202605-01095,CUST-037,Tarleton Grill,Institutional,2026-05-10,Net 45,2026-06-24,63100.36,2026-07-01,7
SO-202605-01096,CUST-038,Old Tavern,Independent Restaurant,2026-05-14,Net 15,2026-05-29,27069.75,2026-06-03,5
SO-202605-01097,CUST-039,Hartwell Kitchen,Institutional,2026-05-27,Net 15,2026-06-11,41622.63,2026-06-23,12
SO-202605-01098,CUST-040,Marlow Hospitality Group,Restaurant Group,2026-05-26,Net 30,2026-06-25,40314.01,2026-07-07,12
SO-202605-01099,CUST-041,Quarry Dining Co,Distributor Resale,2026-05-25,Net 15,2026-06-09,27616.84,2026-06-14,5
SO-202605-01100,CUST-042,Tarleton Grill,Independent Restaurant,2026-05-07,Net 15,2026-05-22,22686.03,2026-05-21,-1
SO-202605-01101,CUST-043,Quarry Provisions,Independent Restaurant,2026-05-19,Net 30,2026-06-18,50415.33,2026-06-25,7
SO-202605-01102,CUST-044,Fairhaven Provisions,Distributor Resale,2026-05-10,Net 15,2026-05-25,36451.3,2026-06-03,9
SO-202605-01103,CUST-045,Weldon Grill,Hotel & Hospitality,2026-05-25,Net 30,2026-06-24,49195.07,2026-06-30,6
SO-202605-01104,CUST-046,Fairhaven Bistro,Institutional,2026-05-28,Net 30,2026-06-27,32828.54,2026-07-08,11
SO-202605-01105,CUST-042,Tarleton Grill,Independent Restaurant,2026-05-02,Net 15,2026-05-17,34779.17,2026-05-20,3
SO-202605-01106,CUST-029,Pine Bistro,Hotel & Hospitality,2026-05-18,Net 45,2026-07-02,43873.48,2026-07-07,5
SO-202605-01107,CUST-036,Tarleton Food Hall,Independent Restaurant,2026-05-30,Net 30,2026-06-29,25368.17,2026-07-04,5
SO-202606-01108,CUST-001,Copper Fork Group,Restaurant Group,2026-06-30,Net 45,2026-08-14,99047.71,2026-08-20,6
SO-202606-01109,CUST-002,Harborline Hospitality,Hotel & Hospitality,2026-06-15,Net 30,2026-07-15,98604.72,2026-07-22,7
SO-202606-01110,CUST-003,Vaughn & Sons Restaurant Co,Restaurant Group,2026-06-10,Net 45,2026-07-25,79528.04,2026-08-01,7
SO-202606-01111,CUST-004,Meridian Public Schools,Institutional,2026-06-23,Net 60,2026-08-22,83038.53,2026-09-08,17
SO-202606-01112,CUST-005,Bright Harbor Hotels,Hotel & Hospitality,2026-06-19,Net 30,2026-07-19,52549.33,2026-07-13,-6
SO-202606-01113,CUST-006,Ridgeline Kitchens Group,Restaurant Group,2026-06-10,Net 30,2026-07-10,60720.63,2026-08-19,40
SO-202606-01114,CUST-007,Ashgrove Dining Partners,Restaurant Group,2026-06-05,Net 45,2026-07-20,57515.54,2026-07-25,5
SO-202606-01115,CUST-008,Northfield Medical Center,Institutional,2026-06-07,Net 60,2026-08-06,55662.01,2026-08-10,4
SO-202606-01116,CUST-009,Stonecrest Resale Supply,Distributor Resale,2026-06-04,Net 30,2026-07-04,55937.31,2026-07-11,7
SO-202606-01117,CUST-010,Lakeside Catering Co,Independent Restaurant,2026-06-01,Net 30,2026-07-01,34088.66,2026-07-05,4
SO-202606-01118,CUST-011,Sutton Kitchen,Institutional,2026-06-10,Net 45,2026-07-25,18636.67,2026-08-09,15
SO-202606-01119,CUST-012,Pendry Bistro,Institutional,2026-06-29,Net 45,2026-08-13,32587.23,2026-08-18,5
SO-202606-01120,CUST-013,Brackley Public House,Restaurant Group,2026-06-04,Net 15,2026-06-19,57205.97,2026-06-22,3
SO-202606-01121,CUST-014,Sutton Dining Co,Hotel & Hospitality,2026-06-07,Net 30,2026-07-07,35027.32,2026-07-14,7
SO-202606-01122,CUST-015,Pelham Dining Co,Restaurant Group,2026-06-09,Net 15,2026-06-24,45572.81,2026-06-23,-1
SO-202606-01123,CUST-016,Marbury Food Hall,Restaurant Group,2026-06-07,Net 30,2026-07-07,37216.36,2026-07-10,3
SO-202606-01124,CUST-017,Weldon Kitchen,Distributor Resale,2026-06-12,Net 30,2026-07-12,59125.03,2026-07-16,4
SO-202606-01125,CUST-018,Pine Kitchen,Independent Restaurant,2026-06-29,Net 30,2026-07-29,52830.92,2026-08-03,5
SO-202606-01126,CUST-019,Birch Provisions,Independent Restaurant,2026-06-06,Net 30,2026-07-06,45255.38,2026-07-08,2
SO-202606-01127,CUST-020,Rushmoor Provisions,Independent Restaurant,2026-06-05,Net 30,2026-07-05,24863.27,2026-07-12,7
SO-202606-01128,CUST-021,Quarry Provisions,Independent Restaurant,2026-06-15,Net 15,2026-06-30,25300.2,2026-07-01,1
SO-202606-01129,CUST-022,Ockham Provisions,Distributor Resale,2026-06-22,Net 45,2026-08-06,23413.78,2026-08-15,9
SO-202606-01130,CUST-023,Ashford Grill,Independent Restaurant,2026-06-24,Net 30,2026-07-24,36320.25,2026-07-24,0
SO-202606-01131,CUST-024,Hollow Kitchen,Independent Restaurant,2026-06-14,Net 30,2026-07-14,25181.65,2026-07-18,4
SO-202606-01132,CUST-025,Pendry Food Hall,Restaurant Group,2026-06-02,Net 15,2026-06-17,35366.37,2026-06-22,5
SO-202606-01133,CUST-026,Old Tavern,Institutional,2026-06-14,Net 30,2026-07-14,30205.13,2026-07-26,12
SO-202606-01134,CUST-027,Wexley Dining Co,Hotel & Hospitality,2026-06-04,Net 30,2026-07-04,27071.84,2026-07-09,5
SO-202606-01135,CUST-028,Gilman Food Hall,Independent Restaurant,2026-06-23,Net 45,2026-08-07,48709.21,2026-08-06,-1
SO-202606-01136,CUST-029,Pine Bistro,Hotel & Hospitality,2026-06-30,Net 45,2026-08-14,26510.99,2026-08-16,2
SO-202606-01137,CUST-030,Norwood Food Hall,Independent Restaurant,2026-06-05,Net 15,2026-06-20,52022.88,2026-06-25,5
SO-202606-01138,CUST-031,Sutton Eatery,Independent Restaurant,2026-06-17,Net 30,2026-07-17,21070.59,2026-07-21,4
SO-202606-01139,CUST-032,Ashford Dining Co,Institutional,2026-06-12,Net 30,2026-07-12,48202.69,2026-07-26,14
SO-202606-01140,CUST-033,Norwood Tavern,Independent Restaurant,2026-06-27,Net 15,2026-07-12,39200.75,2026-07-14,2
SO-202606-01141,CUST-034,Ravensworth Eatery,Independent Restaurant,2026-06-27,Net 15,2026-07-12,51712.69,2026-07-26,14
SO-202606-01142,CUST-035,Hollow Tavern,Independent Restaurant,2026-06-11,Net 45,2026-07-26,49001.29,2026-08-03,8
SO-202606-01143,CUST-036,Tarleton Food Hall,Independent Restaurant,2026-06-14,Net 30,2026-07-14,25055.67,2026-07-13,-1
SO-202606-01144,CUST-037,Tarleton Grill,Institutional,2026-06-20,Net 45,2026-08-04,53658.67,2026-08-18,14
SO-202606-01145,CUST-038,Old Tavern,Independent Restaurant,2026-06-06,Net 15,2026-06-21,27213.28,2026-07-04,13
SO-202606-01146,CUST-039,Hartwell Kitchen,Institutional,2026-06-09,Net 15,2026-06-24,38573.59,2026-07-03,9
SO-202606-01147,CUST-040,Marlow Hospitality Group,Restaurant Group,2026-06-19,Net 30,2026-07-19,26305.08,2026-07-30,11
SO-202606-01148,CUST-041,Quarry Dining Co,Distributor Resale,2026-06-08,Net 15,2026-06-23,30513.57,2026-06-22,-1
SO-202606-01149,CUST-042,Tarleton Grill,Independent Restaurant,2026-06-30,Net 15,2026-07-15,24245.79,2026-07-18,3
SO-202606-01150,CUST-043,Quarry Provisions,Independent Restaurant,2026-06-06,Net 30,2026-07-06,52453.4,2026-07-11,5
SO-202606-01151,CUST-044,Fairhaven Provisions,Distributor Resale,2026-06-25,Net 15,2026-07-10,28813.69,2026-07-12,2
SO-202606-01152,CUST-045,Weldon Grill,Hotel & Hospitality,2026-06-05,Net 30,2026-07-05,45502.93,2026-07-10,5
SO-202606-01153,CUST-046,Fairhaven Bistro,Institutional,2026-06-02,Net 30,2026-07-02,33439.32,2026-07-20,18
SO-202606-01154,CUST-029,Pine Bistro,Hotel & Hospitality,2026-06-16,Net 45,2026-07-31,40064.01,2026-08-04,4
SO-202606-01155,CUST-036,Tarleton Food Hall,Independent Restaurant,2026-06-13,Net 30,2026-07-13,25452.49,2026-07-12,-1
SO-202607-01156,CUST-001,Copper Fork Group,Restaurant Group,2026-07-23,Net 45,2026-09-06,112327.67,2026-09-07,1
SO-202607-01157,CUST-002,Harborline Hospitality,Hotel & Hospitality,2026-07-13,Net 30,2026-08-12,73069.55,2026-08-17,5
SO-202607-01158,CUST-003,Vaughn & Sons Restaurant Co,Restaurant Group,2026-07-09,Net 45,2026-08-23,86784.1,2026-08-27,4
SO-202607-01159,CUST-004,Meridian Public Schools,Institutional,2026-07-17,Net 60,2026-09-15,134106.41,2026-09-25,10
SO-202607-01160,CUST-005,Bright Harbor Hotels,Hotel & Hospitality,2026-07-12,Net 30,2026-08-11,70077.93,2026-08-08,-3
SO-202607-01161,CUST-006,Ridgeline Kitchens Group,Restaurant Group,2026-07-19,Net 30,2026-08-18,56701.13,,46
SO-202607-01162,CUST-007,Ashgrove Dining Partners,Restaurant Group,2026-07-27,Net 45,2026-09-10,48064.9,2026-09-17,7
SO-202607-01163,CUST-008,Northfield Medical Center,Institutional,2026-07-28,Net 60,2026-09-26,71284.58,2026-09-29,3
SO-202607-01164,CUST-009,Stonecrest Resale Supply,Distributor Resale,2026-07-10,Net 30,2026-08-09,36325.82,2026-08-18,9
SO-202607-01165,CUST-010,Lakeside Catering Co,Independent Restaurant,2026-07-25,Net 30,2026-08-24,28543.27,2026-08-29,5
SO-202607-01166,CUST-011,Sutton Kitchen,Institutional,2026-07-24,Net 45,2026-09-07,45107.56,2026-09-21,14
SO-202607-01167,CUST-012,Pendry Bistro,Institutional,2026-07-20,Net 45,2026-09-03,60793.42,2026-09-14,11
SO-202607-01168,CUST-013,Brackley Public House,Restaurant Group,2026-07-21,Net 15,2026-08-05,43089.37,2026-08-08,3
SO-202607-01169,CUST-014,Sutton Dining Co,Hotel & Hospitality,2026-07-11,Net 30,2026-08-10,16476.59,2026-08-13,3
SO-202607-01170,CUST-015,Pelham Dining Co,Restaurant Group,2026-07-31,Net 15,2026-08-15,37228.45,2026-08-18,3
SO-202607-01171,CUST-016,Marbury Food Hall,Restaurant Group,2026-07-22,Net 30,2026-08-21,26206.11,2026-08-22,1
SO-202607-01172,CUST-017,Weldon Kitchen,Distributor Resale,2026-07-30,Net 30,2026-08-29,31627.42,2026-08-29,0
SO-202607-01173,CUST-018,Pine Kitchen,Independent Restaurant,2026-07-16,Net 30,2026-08-15,42552.32,2026-08-18,3
SO-202607-01174,CUST-019,Birch Provisions,Independent Restaurant,2026-07-24,Net 30,2026-08-23,44407.37,2026-08-25,2
SO-202607-01175,CUST-020,Rushmoor Provisions,Independent Restaurant,2026-07-17,Net 30,2026-08-16,25866.32,2026-08-29,13
SO-202607-01176,CUST-021,Quarry Provisions,Independent Restaurant,2026-07-12,Net 15,2026-07-27,27383.0,2026-07-31,4
SO-202607-01177,CUST-022,Ockham Provisions,Distributor Resale,2026-07-05,Net 45,2026-08-19,18647.33,2026-08-21,2
SO-202607-01178,CUST-023,Ashford Grill,Independent Restaurant,2026-07-04,Net 30,2026-08-03,49267.49,2026-08-04,1
SO-202607-01179,CUST-024,Hollow Kitchen,Independent Restaurant,2026-07-04,Net 30,2026-08-03,19781.71,2026-07-31,-3
SO-202607-01180,CUST-025,Pendry Food Hall,Restaurant Group,2026-07-19,Net 15,2026-08-03,19944.89,2026-08-12,9
SO-202607-01181,CUST-026,Old Tavern,Institutional,2026-07-05,Net 30,2026-08-04,69948.78,2026-08-19,15
SO-202607-01182,CUST-027,Wexley Dining Co,Hotel & Hospitality,2026-07-04,Net 30,2026-08-03,27447.97,2026-08-10,7
SO-202607-01183,CUST-028,Gilman Food Hall,Independent Restaurant,2026-07-30,Net 45,2026-09-13,34226.83,2026-09-15,2
SO-202607-01184,CUST-029,Pine Bistro,Hotel & Hospitality,2026-07-05,Net 45,2026-08-19,26880.1,2026-08-26,7
SO-202607-01185,CUST-030,Norwood Food Hall,Independent Restaurant,2026-07-09,Net 15,2026-07-24,32064.2,2026-07-30,6
SO-202607-01186,CUST-031,Sutton Eatery,Independent Restaurant,2026-07-06,Net 30,2026-08-05,21255.67,2026-08-07,2
SO-202607-01187,CUST-032,Ashford Dining Co,Institutional,2026-07-28,Net 30,2026-08-27,82219.53,2026-09-11,15
SO-202607-01188,CUST-033,Norwood Tavern,Independent Restaurant,2026-07-26,Net 15,2026-08-10,33367.11,2026-08-19,9
SO-202607-01189,CUST-034,Ravensworth Eatery,Independent Restaurant,2026-07-30,Net 15,2026-08-14,31266.84,2026-08-22,8
SO-202607-01190,CUST-035,Hollow Tavern,Independent Restaurant,2026-07-26,Net 45,2026-09-09,26678.65,2026-09-09,0
SO-202607-01191,CUST-036,Tarleton Food Hall,Independent Restaurant,2026-07-22,Net 30,2026-08-21,16699.1,2026-08-22,1
SO-202607-01192,CUST-037,Tarleton Grill,Institutional,2026-07-07,Net 45,2026-08-21,67567.11,2026-09-04,14
SO-202607-01193,CUST-038,Old Tavern,Independent Restaurant,2026-07-03,Net 15,2026-07-18,26364.32,2026-07-28,10
SO-202607-01194,CUST-039,Hartwell Kitchen,Institutional,2026-07-25,Net 15,2026-08-09,74298.88,2026-08-23,14
SO-202607-01195,CUST-040,Marlow Hospitality Group,Restaurant Group,2026-07-10,Net 30,2026-08-09,24495.39,2026-08-12,3
SO-202607-01196,CUST-041,Quarry Dining Co,Distributor Resale,2026-07-05,Net 15,2026-07-20,26656.66,2026-07-18,-2
SO-202607-01197,CUST-042,Tarleton Grill,Independent Restaurant,2026-07-21,Net 15,2026-08-05,22894.73,2026-08-05,0
SO-202607-01198,CUST-043,Quarry Provisions,Independent Restaurant,2026-07-17,Net 30,2026-08-16,44578.68,2026-08-22,6
SO-202607-01199,CUST-044,Fairhaven Provisions,Distributor Resale,2026-07-07,Net 15,2026-07-22,35834.32,2026-07-31,9
SO-202607-01200,CUST-045,Weldon Grill,Hotel & Hospitality,2026-07-21,Net 30,2026-08-20,43072.83,2026-08-26,6
SO-202607-01201,CUST-046,Fairhaven Bistro,Institutional,2026-07-09,Net 30,2026-08-08,63536.14,2026-08-23,15
SO-202607-01202,CUST-036,Tarleton Food Hall,Independent Restaurant,2026-07-06,Net 30,2026-08-05,21172.55,2026-08-06,1
SO-202608-01203,CUST-001,Copper Fork Group,Restaurant Group,2026-08-03,Net 45,2026-09-17,114691.68,2026-09-24,7
SO-202608-01204,CUST-002,Harborline Hospitality,Hotel & Hospitality,2026-08-20,Net 30,2026-09-19,76286.62,2026-09-24,5
SO-202608-01205,CUST-003,Vaughn & Sons Restaurant Co,Restaurant Group,2026-08-14,Net 45,2026-09-28,77709.29,,8
SO-202608-01206,CUST-004,Meridian Public Schools,Institutional,2026-08-14,Net 60,2026-10-13,105770.83,,11
SO-202608-01207,CUST-005,Bright Harbor Hotels,Hotel & Hospitality,2026-08-27,Net 30,2026-09-26,70360.5,2026-09-21,-5
SO-202608-01208,CUST-006,Ridgeline Kitchens Group,Restaurant Group,2026-08-07,Net 30,2026-09-06,58009.1,,52
SO-202608-01209,CUST-007,Ashgrove Dining Partners,Restaurant Group,2026-08-19,Net 45,2026-10-03,42688.61,,-1
SO-202608-01210,CUST-008,Northfield Medical Center,Institutional,2026-08-22,Net 60,2026-10-21,78272.98,,6
SO-202608-01211,CUST-009,Stonecrest Resale Supply,Distributor Resale,2026-08-26,Net 30,2026-09-25,36860.87,2026-09-29,4
SO-202608-01212,CUST-010,Lakeside Catering Co,Independent Restaurant,2026-08-04,Net 30,2026-09-03,39966.78,2026-09-10,7
SO-202608-01213,CUST-011,Sutton Kitchen,Institutional,2026-08-02,Net 45,2026-09-16,30183.78,,16
SO-202608-01214,CUST-012,Pendry Bistro,Institutional,2026-08-04,Net 45,2026-09-18,49456.98,2026-09-24,6
SO-202608-01215,CUST-013,Brackley Public House,Restaurant Group,2026-08-05,Net 15,2026-08-20,55009.45,2026-08-25,5
SO-202608-01216,CUST-014,Sutton Dining Co,Hotel & Hospitality,2026-08-14,Net 30,2026-09-13,13676.7,2026-09-23,10
SO-202608-01217,CUST-015,Pelham Dining Co,Restaurant Group,2026-08-15,Net 15,2026-08-30,40902.86,2026-08-30,0
SO-202608-01218,CUST-016,Marbury Food Hall,Restaurant Group,2026-08-02,Net 30,2026-09-01,24036.31,2026-09-07,6
SO-202608-01219,CUST-017,Weldon Kitchen,Distributor Resale,2026-08-02,Net 30,2026-09-01,36737.23,2026-09-09,8
SO-202608-01220,CUST-018,Pine Kitchen,Independent Restaurant,2026-08-20,Net 30,2026-09-19,37381.49,2026-09-24,5
SO-202608-01221,CUST-019,Birch Provisions,Independent Restaurant,2026-08-06,Net 30,2026-09-05,43658.0,2026-09-10,5
SO-202608-01222,CUST-020,Rushmoor Provisions,Independent Restaurant,2026-08-29,Net 30,2026-09-28,28100.37,,11
SO-202608-01223,CUST-021,Quarry Provisions,Independent Restaurant,2026-08-30,Net 15,2026-09-14,32532.9,2026-09-16,2
SO-202608-01224,CUST-022,Ockham Provisions,Distributor Resale,2026-08-04,Net 45,2026-09-18,14632.47,2026-09-26,8
SO-202608-01225,CUST-023,Ashford Grill,Independent Restaurant,2026-08-27,Net 30,2026-09-26,30381.6,2026-09-27,1
SO-202608-01226,CUST-024,Hollow Kitchen,Independent Restaurant,2026-08-27,Net 30,2026-09-26,15390.71,2026-09-27,1
SO-202608-01227,CUST-025,Pendry Food Hall,Restaurant Group,2026-08-01,Net 15,2026-08-16,40099.46,2026-08-27,11
SO-202608-01228,CUST-026,Old Tavern,Institutional,2026-08-05,Net 30,2026-09-04,47478.11,2026-09-14,10
SO-202608-01229,CUST-027,Wexley Dining Co,Hotel & Hospitality,2026-08-11,Net 30,2026-09-10,28107.47,2026-09-09,-1
SO-202608-01230,CUST-028,Gilman Food Hall,Independent Restaurant,2026-08-25,Net 45,2026-10-09,29081.19,,2
SO-202608-01231,CUST-029,Pine Bistro,Hotel & Hospitality,2026-08-15,Net 45,2026-09-29,24981.08,,5
SO-202608-01232,CUST-030,Norwood Food Hall,Independent Restaurant,2026-08-24,Net 15,2026-09-08,19990.32,2026-09-07,-1
SO-202608-01233,CUST-031,Sutton Eatery,Independent Restaurant,2026-08-08,Net 30,2026-09-07,16540.59,2026-09-05,-2
SO-202608-01234,CUST-032,Ashford Dining Co,Institutional,2026-08-14,Net 30,2026-09-13,90860.9,2026-09-27,14
SO-202608-01235,CUST-033,Norwood Tavern,Independent Restaurant,2026-08-19,Net 15,2026-09-03,38834.94,2026-09-13,10
SO-202608-01236,CUST-034,Ravensworth Eatery,Independent Restaurant,2026-08-19,Net 15,2026-09-03,48605.21,2026-09-13,10
SO-202608-01237,CUST-035,Hollow Tavern,Independent Restaurant,2026-08-19,Net 45,2026-10-03,47391.2,,1
SO-202608-01238,CUST-036,Tarleton Food Hall,Independent Restaurant,2026-08-29,Net 30,2026-09-28,15649.21,,3
SO-202608-01239,CUST-037,Tarleton Grill,Institutional,2026-08-19,Net 45,2026-10-03,73614.03,,5
SO-202608-01240,CUST-038,Old Tavern,Independent Restaurant,2026-08-21,Net 15,2026-09-05,24882.2,2026-09-18,13
SO-202608-01241,CUST-039,Hartwell Kitchen,Institutional,2026-08-14,Net 15,2026-08-29,71234.75,2026-09-07,9
SO-202608-01242,CUST-040,Marlow Hospitality Group,Restaurant Group,2026-08-18,Net 30,2026-09-17,18109.55,2026-09-25,8
SO-202608-01243,CUST-041,Quarry Dining Co,Distributor Resale,2026-08-31,Net 15,2026-09-15,26289.78,2026-09-16,1
SO-202608-01244,CUST-042,Tarleton Grill,Independent Restaurant,2026-08-22,Net 15,2026-09-06,25521.96,2026-09-06,0
SO-202608-01245,CUST-043,Quarry Provisions,Independent Restaurant,2026-08-02,Net 30,2026-09-01,41763.7,2026-09-02,1
SO-202608-01246,CUST-044,Fairhaven Provisions,Distributor Resale,2026-08-03,Net 15,2026-08-18,49879.92,2026-08-25,7
SO-202608-01247,CUST-045,Weldon Grill,Hotel & Hospitality,2026-08-21,Net 30,2026-09-20,36804.01,2026-09-21,1
SO-202608-01248,CUST-046,Fairhaven Bistro,Institutional,2026-08-27,Net 30,2026-09-26,51806.5,,11
